"ORDER","FAMILY","SCI_NAME","PRIMARY_COM_NAME","CATEGORY_1_A","CATEGORY_2_A","REFERENCE_A","COMMENT_A","CATEGORY_1_B","CATEGORY_2_B","REFERENCE_B","COMMENT_B","CATEGORY_1_C","REFERENCE_C","COMMENT_C","CATEGORY_1_D","REFERENCE_D","COMMENT_D","CATEGORY_1_E","REFERENCE_E","COMMENT_E","ESM_AJS_FINAL_DECISION","DECISION_FINAL","GENERAL_CAT"
"Charadriiformes","Alcidae (Auks, Murres, and Puffins)","Ptychoramphus aleuticus","Cassin's Auklet","Person",NA,NA,"named for John Cassin","Person",NA,NA,"John Cassin",NA,NA,NA,NA,NA,NA,NA,NA,NA,NA,"Person","human"
"Charadriiformes","Alcidae (Auks, Murres, and Puffins)","Aethia cristatella","Crested Auklet","Both sexes physical trait",NA,NA,NA,"Both sexes physical trait",NA,NA,NA,NA,NA,NA,NA,NA,NA,NA,NA,NA,NA,"Both sexes physical trait","physical trait"
"Charadriiformes","Alcidae (Auks, Murres, and Puffins)","Aethia pusilla","Least Auklet","Size",NA,NA,NA,"Size",NA,NA,NA,NA,NA,NA,NA,NA,NA,NA,NA,NA,NA,"Size","physical trait"
"Charadriiformes","Alcidae (Auks, Murres, and Puffins)","Cerorhinca monocerata","Rhinoceros Auklet","Both sexes physical trait",NA,NA,"named for ""horn"" on mandible","Both sexes physical trait",NA,NA,NA,NA,NA,NA,NA,NA,NA,NA,NA,NA,NA,"Both sexes physical trait","physical trait"
"Charadriiformes","Alcidae (Auks, Murres, and Puffins)","Aethia pygmaea","Whiskered Auklet","Both sexes physical trait",NA,NA,NA,"Both sexes physical trait",NA,NA,NA,NA,NA,NA,NA,NA,NA,NA,NA,NA,NA,"Both sexes physical trait","physical trait"
"Charadriiformes","Recurvirostridae (Stilts and Avocets)","Recurvirostra americana","American Avocet","Geographic Location",NA,NA,NA,"Geographic Location",NA,NA,NA,NA,NA,NA,NA,NA,NA,NA,NA,NA,NA,"Geographic Location","natural history"
"Phaethontiformes","Phaethontidae (Tropicbirds)","Phaethon aethereus","Red-billed Tropicbird","Both sexes physical trait",NA,NA,NA,"Both sexes physical trait",NA,NA,NA,NA,NA,NA,NA,NA,NA,NA,NA,NA,NA,"Both sexes physical trait","physical trait"
"Pelecaniformes","Ardeidae (Herons, Egrets, and Bitterns)","Botaurus lentiginosus","American Bittern","Geographic Location",NA,NA,NA,"Geographic Location",NA,NA,NA,NA,NA,NA,NA,NA,NA,NA,NA,NA,NA,"Geographic Location","natural history"
"Pelecaniformes","Ardeidae (Herons, Egrets, and Bitterns)","Ixobrychus exilis","Least Bittern","Size",NA,NA,NA,"Size",NA,NA,NA,NA,NA,NA,NA,NA,NA,NA,NA,NA,NA,"Size","physical trait"
"Passeriformes","Icteridae (Troupials and Allies)","Euphagus cyanocephalus","Brewer's Blackbird","Person",NA,NA,"Thomas Mayo Brewer, naturalist","Person",NA,NA,"Thomas Mayo Brewer",NA,NA,NA,NA,NA,NA,NA,NA,NA,NA,"Person","human"
"Passeriformes","Icteridae (Troupials and Allies)","Agelaius phoeniceus","Red-winged Blackbird","Male physical trait",NA,NA,"female only has very faint red wing patches","Male physical trait",NA,NA,NA,NA,NA,NA,NA,NA,NA,NA,NA,NA,NA,"Male physical trait","physical trait"
"Passeriformes","Icteridae (Troupials and Allies)","Euphagus carolinus","Rusty Blackbird","Male physical trait",NA,NA,NA,"Both sexes physical trait",NA,NA,"Named for fresh basic plumage; ""This blackbird is not distinctively marked except for brown, rust-colored edgings on its upperbody feathers in fall and winter."" ?","Both sexes physical trait","https://www.audubon.org/field-guide/bird/rusty-blackbird","Rusty could apply to fall plummage or behaviors (including song)","Male physical trait",NA,"named for male breeding plumage","Both sexes physical trait",NA,NA,"Both sexes physical trait","Both sexes physical trait","physical trait"
"Passeriformes","Icteridae (Troupials and Allies)","Agelaius tricolor","Tricolored Blackbird","Male physical trait",NA,NA,NA,"Male physical trait",NA,NA,NA,NA,NA,NA,NA,NA,NA,NA,NA,NA,NA,"Male physical trait","physical trait"
"Passeriformes","Icteridae (Troupials and Allies)","Xanthocephalus xanthocephalus","Yellow-headed Blackbird","Male physical trait",NA,NA,NA,"Male physical trait",NA,NA,"Females have a yellow ""front""",NA,NA,NA,NA,NA,NA,NA,NA,NA,NA,"Male physical trait","physical trait"
"Anseriformes","Anatidae (Ducks, Geese, and Waterfowl)","Bucephala albeola","Bufflehead","Both sexes physical trait",NA,NA,NA,"Male physical trait",NA,NA,NA,"Male physical trait",NA,"could potentially be categorized as both sexes physical trait. 'buffalo head is most noticeable when male puffs out the feathers of the head'","Male physical trait","https://www.google.com/books/edition/Wildlife_of_Virginia_and_Maryland_and_Wa/W7UxSPd2XMAC?hl=en&gbpv=1&pg=PA166&printsec=frontcover","male head shape == ""buffalo-head""","Both sexes physical trait","https://en.wikipedia.org/wiki/Bufflehead","The genus name is derived from ancient Greek boukephalos, ""bullheaded"", from bous, ""bull"", and kephale, ""head"", a reference to the oddly bulbous head shape of the species. The female is borderline Buffled-headed.","Male physical trait","Male physical trait","physical trait"
"Passeriformes","Turdidae (Thrushes and Allies)","Sialia currucoides","Mountain Bluebird","Life History",NA,NA,NA,"Geographic Location","Life History",NA,NA,"Natural History",NA,NA,"Natural History",NA,NA,"Natural History",NA,NA,NA,"Natural History","natural history"
"Passeriformes","Turdidae (Thrushes and Allies)","Sialia mexicana","Western Bluebird","Geographic Location",NA,NA,NA,"Geographic Location",NA,NA,NA,NA,NA,NA,NA,NA,NA,NA,NA,NA,NA,"Geographic Location","natural history"
"Passeriformes","Icteridae (Troupials and Allies)","Dolichonyx oryzivorus","Bobolink","Behavior",NA,NA,"Onomatopoeic for call: ""bob o'lincoln""","Behavior",NA,"https://en.wikipedia.org/wiki/Bobolink#cite_note-OED-3","""The English ""Bobolink"" is from Bob o' Lincoln, describing the call.""",NA,NA,NA,NA,NA,NA,NA,NA,NA,NA,"Behavior","natural history"
"Suliformes","Sulidae (Boobies and Gannets)","Sula sula","Red-footed Booby","Both sexes physical trait",NA,NA,NA,"Both sexes physical trait",NA,NA,NA,NA,NA,NA,NA,NA,NA,NA,NA,NA,NA,"Both sexes physical trait","physical trait"
"Anseriformes","Anatidae (Ducks, Geese, and Waterfowl)","Branta bernicla","Brant","Local language",NA,"https://en.wikipedia.org/wiki/Brant_(goose)","latinized old norse, burnt","Local language",NA,NA,"Old Norse for ""burnt (black) goose"", could be Both sexes physical, or Random?",NA,NA,NA,NA,NA,NA,NA,NA,NA,NA,"Local language","human"
"Passeriformes","Cardinalidae (Cardinals and Allies)","Passerina cyanea","Indigo Bunting","Male physical trait",NA,NA,NA,"Male physical trait",NA,NA,NA,NA,NA,NA,NA,NA,NA,NA,NA,NA,NA,"Male physical trait","physical trait"
"Passeriformes","Passerellidae (New World Sparrows)","Calamospiza melanocorys","Lark Bunting","Behavior",NA,NA,"complex vocalizations","Behavior",NA,"https://www.birdzilla.com/birds/lark-bunting/bent-life-history.html","From the Bent Life History. Flight song is described as being spectacular, but they don't go very high. ""They are far from deserving the name of skylarks.""",NA,NA,NA,NA,NA,NA,NA,NA,NA,NA,"Behavior","natural history"
"Passeriformes","Cardinalidae (Cardinals and Allies)","Passerina amoena","Lazuli Bunting","Male physical trait",NA,NA,NA,"Male physical trait",NA,NA,NA,NA,NA,NA,NA,NA,NA,NA,NA,NA,NA,"Male physical trait","physical trait"
"Passeriformes","Cardinalidae (Cardinals and Allies)","Passerina ciris","Painted Bunting","Male physical trait",NA,NA,NA,"Male physical trait",NA,NA,NA,NA,NA,NA,NA,NA,NA,NA,NA,NA,NA,"Male physical trait","physical trait"
"Passeriformes","Cardinalidae (Cardinals and Allies)","Passerina versicolor","Varied Bunting","Male physical trait",NA,NA,"presumably after the varied colors of the plumage, but I did not find a source saying so explicitly","Male physical trait",NA,NA,NA,NA,NA,NA,NA,NA,NA,NA,NA,NA,NA,"Male physical trait","physical trait"
"Passeriformes","Aegithalidae (Long-tailed Tits)","Psaltriparus minimus","Bushtit","General Descriptor","Life History",NA,"""bushtit"" is from the generic name used for Aegithalidae in the rest of the world, but as the only member of the family in North America, it gets called just that here. refers to the family's preferred open woodland habitat","Life History",NA,NA,"not sure if this really can be classified","Natural History",NA,NA,"Size",NA,"""bush"" refers to common habitat, ""tit"" refers to small size","Natural History",NA,NA,"Natural History","Natural History","natural history"
"Falconiformes","Falconidae (Falcons and Caracaras)","Caracara lutosa","Guadalupe Caracara","Geographic Location",NA,NA,NA,"Geographic Location",NA,NA,NA,NA,NA,NA,NA,NA,NA,NA,NA,NA,NA,"Geographic Location","natural history"
"Passeriformes","Icteriidae (Yellow-breasted Chat)","Icteria virens","Yellow-breasted Chat","Both sexes physical trait",NA,NA,NA,"Both sexes physical trait",NA,NA,NA,NA,NA,NA,NA,NA,NA,NA,NA,NA,NA,"Both sexes physical trait","physical trait"
"Passeriformes","Paridae (Tits, Chickadees, and Titmice)","Poecile carolinensis","Carolina Chickadee","Geographic Location",NA,NA,NA,"Geographic Location",NA,NA,NA,NA,NA,NA,NA,NA,NA,NA,NA,NA,NA,"Geographic Location","natural history"
"Passeriformes","Paridae (Tits, Chickadees, and Titmice)","Poecile rufescens","Chestnut-backed Chickadee","Both sexes physical trait",NA,NA,NA,"Both sexes physical trait",NA,NA,NA,NA,NA,NA,NA,NA,NA,NA,NA,NA,NA,"Both sexes physical trait","physical trait"
"Passeriformes","Paridae (Tits, Chickadees, and Titmice)","Poecile sclateri","Mexican Chickadee","Geographic Location",NA,NA,NA,"Geographic Location",NA,NA,NA,NA,NA,NA,NA,NA,NA,NA,NA,NA,NA,"Geographic Location","natural history"
"Passeriformes","Paridae (Tits, Chickadees, and Titmice)","Poecile gambeli","Mountain Chickadee","Life History",NA,NA,NA,"Life History",NA,NA,NA,NA,NA,NA,NA,NA,NA,NA,NA,NA,NA,"Natural History","natural history"
"Caprimulgiformes","Caprimulgidae (Nightjars and Allies)","Antrostomus carolinensis","Chuck-will's-widow","Behavior",NA,NA,NA,"Behavior",NA,NA,"name refers to the sound of the song",NA,NA,NA,NA,NA,NA,NA,NA,NA,NA,"Behavior","natural history"
"Gruiformes","Rallidae (Rails, Gallinules, and Coots)","Fulica americana","American Coot","Geographic Location",NA,NA,NA,"Geographic Location",NA,NA,NA,NA,NA,NA,NA,NA,NA,NA,NA,NA,NA,"Geographic Location","natural history"
"Suliformes","Phalacrocoracidae (Cormorants and Shags)","Urile penicillatus","Brandt's Cormorant","Person",NA,NA,NA,"Person",NA,NA,"J. F. Brandt",NA,NA,NA,NA,NA,NA,NA,NA,NA,NA,"Person","human"
"Suliformes","Phalacrocoracidae (Cormorants and Shags)","Nannopterum auritum","Double-crested Cormorant","Both sexes physical trait",NA,NA,NA,"Both sexes physical trait",NA,NA,"The ‚Äö√Ñ√∂‚àö√ë‚àö‚à´double crest‚Äö√Ñ√∂‚àö√ë‚àöœÄ is a poor field mark; these feathers are variable and are fully developed for only a short time early in year",NA,NA,NA,NA,NA,NA,NA,NA,NA,NA,"Both sexes physical trait","physical trait"
"Suliformes","Phalacrocoracidae (Cormorants and Shags)","Urile perspicillatus","Pallas's Cormorant","Person",NA,NA,NA,"Person",NA,NA,"Pallas (Peter Simon)",NA,NA,NA,NA,NA,NA,NA,NA,NA,NA,"Person","human"
"Suliformes","Phalacrocoracidae (Cormorants and Shags)","Urile pelagicus","Pelagic Cormorant","Behavior",NA,NA,NA,"Life History",NA,NA,NA,"Natural History","BOTW","Although it refers to being in a marine area, ironically it is not the correct natural history, as they are usually inland","Natural History",NA,NA,"Natural History",NA,NA,NA,"Natural History","natural history"
"Suliformes","Phalacrocoracidae (Cormorants and Shags)","Urile urile","Red-faced Cormorant","Both sexes physical trait",NA,NA,NA,"Both sexes physical trait",NA,NA,NA,NA,NA,NA,NA,NA,NA,NA,NA,NA,NA,"Both sexes physical trait","physical trait"
"Passeriformes","Icteridae (Troupials and Allies)","Molothrus aeneus","Bronzed Cowbird","Male physical trait",NA,NA,NA,"Male physical trait",NA,NA,NA,NA,NA,NA,NA,NA,NA,NA,NA,NA,NA,"Male physical trait","physical trait"
"Gruiformes","Rallidae (Rails, Gallinules, and Coots)","Crex crex","Corn Crake","Life History",NA,"https://www.merriam-webster.com/dictionary/corncrake","Etymology from ""corne"", early scots, etymology linked here says that means grain","Life History",NA,NA,NA,NA,NA,NA,NA,NA,NA,NA,NA,NA,NA,"Natural History","natural history"
"Gruiformes","Rallidae (Rails, Gallinules, and Coots)","Porzana porzana","Spotted Crake","Both sexes physical trait",NA,NA,NA,"Both sexes physical trait",NA,NA,NA,NA,NA,NA,NA,NA,NA,NA,NA,NA,NA,"Both sexes physical trait","physical trait"
"Gruiformes","Gruidae (Cranes)","Antigone canadensis","Sandhill Crane","Geographic Location",NA,NA,"Sandhill region of the Great Plains, where vast numbers congregate in migration","Geographic Location",NA,"https://www.inaturalist.org/guide_taxa/278332","Sandhills can refer to a region in Nebraska, but they are spread over a much bigger area. Sandhills also might be a way of describing their habitats",NA,NA,NA,NA,NA,NA,NA,NA,NA,NA,"Geographic Location","natural history"
"Gruiformes","Gruidae (Cranes)","Grus americana","Whooping Crane","Behavior",NA,NA,"refers to call","Behavior",NA,NA,NA,NA,NA,NA,NA,NA,NA,NA,NA,NA,NA,"Behavior","natural history"
"Passeriformes","Certhiidae (Treecreepers)","Certhia americana","Brown Creeper","Both sexes physical trait",NA,NA,NA,"Both sexes physical trait",NA,NA,NA,NA,NA,NA,NA,NA,NA,NA,NA,NA,NA,"Both sexes physical trait","physical trait"
"Passeriformes","Fringillidae (Finches, Euphonias, and Allies)","Loxia leucoptera","White-winged Crossbill","Both sexes physical trait",NA,NA,NA,"Both sexes physical trait",NA,NA,NA,NA,NA,NA,NA,NA,NA,NA,NA,NA,NA,"Both sexes physical trait","physical trait"
"Passeriformes","Corvidae (Crows, Jays, and Magpies)","Corvus brachyrhynchos","American Crow","Geographic Location",NA,NA,NA,"Geographic Location",NA,NA,NA,NA,NA,NA,NA,NA,NA,NA,NA,NA,NA,"Geographic Location","natural history"
"Passeriformes","Corvidae (Crows, Jays, and Magpies)","Corvus ossifragus","Fish Crow","Behavior",NA,NA,NA,"Life History",NA,NA,NA,"Natural History",NA,NA,"Natural History",NA,"diet","Natural History",NA,NA,NA,"Natural History","natural history"
"Cuculiformes","Cuculidae (Cuckoos)","Coccyzus erythropthalmus","Black-billed Cuckoo","Both sexes physical trait",NA,NA,NA,"Both sexes physical trait",NA,NA,NA,NA,NA,NA,NA,NA,NA,NA,NA,NA,NA,"Both sexes physical trait","physical trait"
"Cuculiformes","Cuculidae (Cuckoos)","Coccyzus minor","Mangrove Cuckoo","Life History",NA,NA,NA,"Life History",NA,NA,NA,NA,NA,NA,NA,NA,NA,NA,NA,NA,NA,"Natural History","natural history"
"Cuculiformes","Cuculidae (Cuckoos)","Coccyzus americanus","Yellow-billed Cuckoo","Both sexes physical trait",NA,NA,NA,"Both sexes physical trait",NA,NA,NA,NA,NA,NA,NA,NA,NA,NA,NA,NA,NA,"Both sexes physical trait","physical trait"
"Charadriiformes","Scolopacidae (Sandpipers and Allies)","Numenius tahitiensis","Bristle-thighed Curlew","Both sexes physical trait",NA,NA,"Named after the elongated, bare shafts of their thigh feathers, the function is unknown","Both sexes physical trait",NA,NA,NA,NA,NA,NA,NA,NA,NA,NA,NA,NA,NA,"Both sexes physical trait","physical trait"
"Charadriiformes","Scolopacidae (Sandpipers and Allies)","Numenius borealis","Eskimo Curlew","Geographic Location",NA,NA,"for far northern location of type locality. name is a slur for Inuit people that should not be used, but due to the likely extinction of the species, little effort seems to be behind renaming","Geographic Location",NA,NA,"Likely extinct; named after people who live in its range, but pretty colonial term",NA,NA,NA,NA,NA,NA,NA,NA,NA,NA,"Geographic Location","natural history"
"Charadriiformes","Scolopacidae (Sandpipers and Allies)","Numenius americanus","Long-billed Curlew","Both sexes physical trait",NA,NA,NA,"Both sexes physical trait",NA,NA,NA,NA,NA,NA,NA,NA,NA,NA,NA,NA,NA,"Both sexes physical trait","physical trait"
"Passeriformes","Cardinalidae (Cardinals and Allies)","Spiza americana","Dickcissel","Time limit",NA,"http://birdaz.com/blog/2015/03/03/what-kind-of-a-name-is-dickcissel/","Often said to be named after thie song, and I think the name DOES sound like its song, but this source suggests the name is random and made up.","Behavior",NA,"https://www.timesonline.com/story/lifestyle/around-town/2017/06/16/where-did-dickcissel-get-its/18594089007/","Song onomatopaeia.","Behavior",NA,NA,"Behavior","BotW","named for their song, ""generally composed of a series of dick phrases followed by one to several cissel phrases""","Behavior",NA,"Named after its song. Typical song has been variously described phonetically as: see, see, dick, dick, ciss, ciss, ciss; see, see, quick, quick, sell, sell, sell; and see see‚Äö√Ñ√Ædick! dick! chee chee chee (2).",NA,"Behavior","natural history"
"Passeriformes","Cinclidae (Dippers)","Cinclus mexicanus","American Dipper","Geographic Location",NA,NA,NA,"Geographic Location",NA,NA,NA,NA,NA,NA,NA,NA,NA,NA,NA,NA,NA,"Geographic Location","natural history"
"Columbiformes","Columbidae (Pigeons and Doves)","Columbina inca","Inca Dove","Random",NA,NA,"named for the Indigenous empire in Peru by a French naturalist with a shaky understanding of geography.","Geographic Location",NA,NA,NA,"Geographic Location",NA,NA,"Miscellaneous",NA,"named in reference to the Inca empire by someone with a very hazy grasp of where the Inca empire was actually located","Geographic Location",NA,NA,"Geographic Location","Geographic Location","natural history"
"Columbiformes","Columbidae (Pigeons and Doves)","Zenaida macroura","Mourning Dove","Behavior",NA,NA,"describes call","Behavior",NA,NA,NA,NA,NA,NA,NA,NA,NA,NA,NA,NA,NA,"Behavior","natural history"
"Columbiformes","Columbidae (Pigeons and Doves)","Zenaida asiatica","White-winged Dove","Both sexes physical trait",NA,NA,NA,"Both sexes physical trait",NA,NA,NA,NA,NA,NA,NA,NA,NA,NA,NA,NA,NA,"Both sexes physical trait","physical trait"
"Columbiformes","Columbidae (Pigeons and Doves)","Zenaida aurita","Zenaida Dove","Person",NA,NA,"Z‚Äö√†√∂¬¨¬©na‚Äö√†√∂‚àö√≤de Laetitia Julie Princesse Bonaparte, wife of ornithologist Charles Bonaparte","Person",NA,NA,NA,NA,NA,NA,NA,NA,NA,NA,NA,NA,NA,"Person","human"
"Charadriiformes","Alcidae (Auks, Murres, and Puffins)","Alle alle","Dovekie","Local language",NA,"https://www.merriam-webster.com/dictionary/dovekie#:~:text=History%20and%20Etymology%20for%20dovekie,like%20bond%20between%20nesting%20pairs","the diminutive form of the Scots word for dove, allegedly because of the ""dove like"" bond between pairs","Time limit","Random",NA,"aka ""little auk"". Best information I could find is an etymology article saying its ""a diminuitive form of dove"". Latin for dove (columba) and Icelandic for auk (klumba) are very similar and apparently a lot of auks are called ""doves"" because of this, but not sure if it is because of confusion?","Miscellaneous","https://en.wiktionary.org/wiki/dovekie#English","Wiktionary suggests ""From dove +‚Äö√Ñ√© -ock +‚Äö√Ñ√© -ie, a double diminutive."", hard to tell if this is because of perceived similarity to a pigeon in shape, or if to classify as size on account of the diminutive. Didn't actually run out of time, so left as miscellaneous.","Local language","Merriam-Webster","derived from Scotts, ""from dove DOVE + -kie, double diminutive; allegedly so called from the dove-like bond between nesting pairs","Local language","https://www.merriam-webster.com/dictionary/dovekie","Scots, ""the black guillemot (Cepphus grylle),"" from dove DOVE entry 1 + -kie, double diminutive suffix (from -k, -ick, -ock -OCK + -ie -IE); allegedly so called from the dove-like bond between nesting pairs.","Local language","Local language","human"
"Charadriiformes","Scolopacidae (Sandpipers and Allies)","Limnodromus scolopaceus","Long-billed Dowitcher","Both sexes physical trait",NA,NA,NA,"Both sexes physical trait",NA,NA,"See above",NA,NA,NA,NA,NA,NA,NA,NA,NA,NA,"Both sexes physical trait","physical trait"
"Anseriformes","Anatidae (Ducks, Geese, and Waterfowl)","Histrionicus histrionicus","Harlequin Duck","General Descriptor",NA,NA,"This probably refers to male and not female, but not a specific trait. Harlequin is derived from the latin 'histrio' meaning actor and a harlequin is a colourfully dressed character.","Male physical trait",NA,NA,NA,"Miscellaneous","https://en.wikipedia.org/wiki/Harlequin_duck","""it takes its name from ...a colorfully dressed character is Commedia dell'arte""","Male physical trait",NA,"harlequin in the sense of bright particolored plumage","Male physical trait","https://en.wikipedia.org/wiki/Harlequin_duck","It takes its name from Harlequin (French Arlequin, Italian Arlecchino), a colourfully dressed character in Commedia dell'arte. The species name comes from the Latin word ""histrio"", meaning ""actor"".","Male physical trait","Male physical trait","physical trait"
"Anseriformes","Anatidae (Ducks, Geese, and Waterfowl)","Camptorhynchus labradorius","Labrador Duck","Geographic Location",NA,NA,NA,"Geographic Location",NA,NA,NA,NA,NA,NA,NA,NA,NA,NA,NA,NA,NA,"Geographic Location","natural history"
"Anseriformes","Anatidae (Ducks, Geese, and Waterfowl)","Nomonyx dominicus","Masked Duck","Life History",NA,NA,NA,"Male physical trait",NA,NA,NA,"Both sexes physical trait","Although the mask pattern differs between sex, I would say that I can call both patterns as masks",NA,"Male physical trait",NA,NA,"Male physical trait",NA,NA,"Male physical trait","Male physical trait","physical trait"
"Anseriformes","Anatidae (Ducks, Geese, and Waterfowl)","Aythya collaris","Ring-necked Duck","Both sexes physical trait",NA,NA,NA,"Male physical trait",NA,NA,NA,"Both sexes physical trait",NA,NA,"Male physical trait","Wikipedia","usually only distinguishable in the hand","Male physical trait",NA,NA,"Male physical trait","Male physical trait","physical trait"
"Anseriformes","Anatidae (Ducks, Geese, and Waterfowl)","Oxyura jamaicensis","Ruddy Duck","Male physical trait",NA,NA,NA,"Male physical trait",NA,NA,NA,NA,NA,NA,NA,NA,NA,NA,NA,NA,NA,"Male physical trait","physical trait"
"Anseriformes","Anatidae (Ducks, Geese, and Waterfowl)","Aix sponsa","Wood Duck","Geographic Location",NA,NA,NA,"Life History",NA,NA,NA,"Natural History",NA,"requires wooded cover for nesting, (in tree cavities), has claws for perching in trees","Natural History","BOTW","references habitat","Natural History",NA,NA,NA,"Natural History","natural history"
"Charadriiformes","Scolopacidae (Sandpipers and Allies)","Calidris alpina","Dunlin","Local language",NA,"https://en.wikipedia.org/wiki/Dunlin","(dun-ling, ""brown-thing"")","Both sexes physical trait",NA,NA,"Interestingly named after winter plumage","Both sexes physical trait","https://en.wikipedia.org/wiki/Dunlin","Wikipedia entry cites Oxford English Dictionary ""The English name is a dialect form of ""dunling"", first recorded in 1531‚Äö√Ñ√¨1532. It derives from dun, ""dull brown"", with the suffix -ling, meaning a person or thing with the given quality.""","Both sexes physical trait","All About Birds","""dun"" for non-breeding plumage color","Local language","https://en.wikipedia.org/wiki/Dunlin","The English name is a dialect form of ""dunling"", first recorded in 1531‚Äö√Ñ√¨1532. It derives from dun, ""dull brown"", with the suffix -ling, meaning a person or thing with the given quality.[2]","Both sexes physical trait","Both sexes physical trait","physical trait"
"Accipitriformes","Accipitridae (Hawks, Eagles, and Kites)","Haliaeetus leucocephalus","Bald Eagle","Both sexes physical trait",NA,NA,NA,"Both sexes physical trait",NA,NA,NA,NA,NA,NA,NA,NA,NA,NA,NA,NA,NA,"Both sexes physical trait","physical trait"
"Accipitriformes","Accipitridae (Hawks, Eagles, and Kites)","Aquila chrysaetos","Golden Eagle","Both sexes physical trait",NA,NA,NA,"Both sexes physical trait",NA,NA,NA,NA,NA,NA,NA,NA,NA,NA,NA,NA,NA,"Both sexes physical trait","physical trait"
"Accipitriformes","Accipitridae (Hawks, Eagles, and Kites)","Harpia harpyja","Harpy Eagle","Random",NA,"Birds of the World","Named after mythological harpies","Random",NA,"Linnaeus 1758, via Wikipedia","Named after mythological harpies",NA,NA,NA,NA,NA,NA,NA,NA,NA,NA,"Miscellaneous","human"
"Pelecaniformes","Ardeidae (Herons, Egrets, and Bitterns)","Egretta rufescens","Reddish Egret","Both sexes physical trait",NA,NA,NA,"Both sexes physical trait",NA,NA,NA,NA,NA,NA,NA,NA,NA,NA,NA,NA,NA,"Both sexes physical trait","physical trait"
"Anseriformes","Anatidae (Ducks, Geese, and Waterfowl)","Somateria spectabilis","King Eider","General Descriptor",NA,NA,"Male has a lot of ornamental plumage, female is cyrptic","Male physical trait",NA,"https://books.google.com/books?id=GsTpAgAAQBAJ&pg=PA134","Male frontal lobe/plumage reminiscent of crown/robes","Male physical trait",NA,NA,"Male physical trait","https://www.google.com/books/edition/The_Scientific_Nomenclature_of_Birds_in/GsTpAgAAQBAJ?hl=en&gbpv=1&pg=PA134&printsec=frontcover","supposedly the lobe on the beak looks like a crown","Miscellaneous",NA,NA,"Male physical trait","Male physical trait","physical trait"
"Anseriformes","Anatidae (Ducks, Geese, and Waterfowl)","Somateria fischeri","Spectacled Eider","Both sexes physical trait",NA,NA,"Spectacles more prominent in males","Both sexes physical trait",NA,NA,NA,NA,NA,NA,NA,NA,NA,NA,NA,NA,NA,"Both sexes physical trait","physical trait"
"Falconiformes","Falconidae (Falcons and Caracaras)","Falco femoralis","Aplomado Falcon","Local language","Both sexes physical trait",NA,"Spanish ""aplomado"" = ""lead-colored""","Local language",NA,NA,"From the Spanish referring to the lead-colored plumage",NA,NA,NA,NA,NA,NA,NA,NA,NA,NA,"Local language","human"
"Falconiformes","Falconidae (Falcons and Caracaras)","Falco mexicanus","Prairie Falcon","Life History",NA,NA,NA,"Life History",NA,NA,NA,NA,NA,NA,NA,NA,NA,NA,NA,NA,NA,"Natural History","natural history"
"Passeriformes","Fringillidae (Finches, Euphonias, and Allies)","Haemorhous mexicanus","House Finch","General Descriptor",NA,NA,"house as in ""common""","Life History",NA,NA,NA,"Behavior",NA,NA,"Natural History",NA,"named for commonly being found around houses/ buildings","Natural History",NA,NA,"Natural History","Natural History","natural history"
"Passeriformes","Fringillidae (Finches, Euphonias, and Allies)","Haemorhous purpureus","Purple Finch","Male physical trait",NA,NA,NA,"Male physical trait",NA,NA,NA,NA,NA,NA,NA,NA,NA,NA,NA,NA,NA,"Male physical trait","physical trait"
"Phoenicopteriformes","Phoenicopteridae (Flamingos)","Phoenicopterus ruber","American Flamingo","Geographic Location",NA,NA,NA,"Geographic Location",NA,NA,NA,NA,NA,NA,NA,NA,NA,NA,NA,NA,NA,"Geographic Location","natural history"
"Piciformes","Picidae (Woodpeckers)","Colaptes chrysoides","Gilded Flicker","Both sexes physical trait",NA,NA,"for golden/ yellow rectrices","Both sexes physical trait",NA,NA,NA,NA,NA,NA,NA,NA,NA,NA,NA,NA,NA,"Both sexes physical trait","physical trait"
"Passeriformes","Tyrannidae (Tyrant Flycatchers)","Empidonax virescens","Acadian Flycatcher","Geographic Location",NA,NA,NA,"Geographic Location",NA,NA,NA,NA,NA,NA,NA,NA,NA,NA,NA,NA,NA,"Geographic Location","natural history"
"Passeriformes","Tyrannidae (Tyrant Flycatchers)","Myiarchus cinerascens","Ash-throated Flycatcher","Both sexes physical trait",NA,NA,NA,"Both sexes physical trait",NA,NA,NA,NA,NA,NA,NA,NA,NA,NA,NA,NA,NA,"Both sexes physical trait","physical trait"
"Passeriformes","Tyrannidae (Tyrant Flycatchers)","Tyrannus savana","Fork-tailed Flycatcher","Both sexes physical trait",NA,NA,NA,"Both sexes physical trait",NA,NA,NA,NA,NA,NA,NA,NA,NA,NA,NA,NA,NA,"Both sexes physical trait","physical trait"
"Passeriformes","Tyrannidae (Tyrant Flycatchers)","Empidonax hammondii","Hammond's Flycatcher","Person",NA,NA,"Named after Surgeon-Gen. Prof. William Alexander Hammond","Person",NA,NA,NA,NA,NA,NA,NA,NA,NA,NA,NA,NA,NA,"Person","human"
"Passeriformes","Tyrannidae (Tyrant Flycatchers)","Empidonax minimus","Least Flycatcher","Size",NA,NA,NA,"Size",NA,NA,NA,NA,NA,NA,NA,NA,NA,NA,NA,NA,NA,"Size","physical trait"
"Passeriformes","Muscicapidae (Old World Flycatchers)","Muscicapa epulata","Little Flycatcher","Size",NA,NA,NA,"Size",NA,NA,NA,NA,NA,NA,NA,NA,NA,NA,NA,NA,NA,"Size","physical trait"
"Passeriformes","Tyrannidae (Tyrant Flycatchers)","Contopus cooperi","Olive-sided Flycatcher","Both sexes physical trait",NA,NA,NA,"Both sexes physical trait",NA,NA,NA,NA,NA,NA,NA,NA,NA,NA,NA,NA,NA,"Both sexes physical trait","physical trait"
"Passeriformes","Tyrannidae (Tyrant Flycatchers)","Tyrannus forficatus","Scissor-tailed Flycatcher","Both sexes physical trait",NA,NA,NA,"Both sexes physical trait",NA,NA,NA,NA,NA,NA,NA,NA,NA,NA,NA,NA,NA,"Both sexes physical trait","physical trait"
"Passeriformes","Tyrannidae (Tyrant Flycatchers)","Myiodynastes luteiventris","Sulphur-bellied Flycatcher","Both sexes physical trait",NA,NA,NA,"Both sexes physical trait",NA,NA,NA,NA,NA,NA,NA,NA,NA,NA,NA,NA,NA,"Both sexes physical trait","physical trait"
"Passeriformes","Tyrannidae (Tyrant Flycatchers)","Pyrocephalus rubinus","Vermilion Flycatcher","Male physical trait",NA,NA,NA,"Male physical trait",NA,NA,NA,NA,NA,NA,NA,NA,NA,NA,NA,NA,NA,"Male physical trait","physical trait"
"Passeriformes","Tyrannidae (Tyrant Flycatchers)","Empidonax flaviventris","Yellow-bellied Flycatcher","Both sexes physical trait",NA,NA,NA,"Both sexes physical trait",NA,NA,NA,NA,NA,NA,NA,NA,NA,NA,NA,NA,NA,"Both sexes physical trait","physical trait"
"Anseriformes","Anatidae (Ducks, Geese, and Waterfowl)","Mareca strepera","Gadwall","Time limit",NA,NA,NA,"Random",NA,"https://en.wikisource.org/wiki/1911_Encyclop‚Äö√†√∂¬¨‚àÇdia_Britannica/Gadwall","May come from quedul as in Lat. querquedula","Miscellaneous",NA,"""The entymology of the word gadwall is not known but the name has been in use since 1666""","Miscellaneous","https://en.wikisource.org/wiki/1911_Encyclop%C3%A6dia_Britannica/Gadwall","unknown","Miscellaneous","https://en.wiktionary.org/wiki/gadwall","Origin of name unknown. In use since the 17th century.",NA,"Miscellaneous","human"
"Gruiformes","Rallidae (Rails, Gallinules, and Coots)","Porphyrio martinica","Purple Gallinule","Both sexes physical trait",NA,NA,NA,"Both sexes physical trait",NA,NA,NA,NA,NA,NA,NA,NA,NA,NA,NA,NA,NA,"Both sexes physical trait","physical trait"
"Passeriformes","Polioptilidae (Gnatcatchers)","Polioptila melanura","Black-tailed Gnatcatcher","Both sexes physical trait",NA,NA,NA,"Male physical trait",NA,NA,"Females are browner; named after breeding plumage in males","Both sexes physical trait",NA,NA,"Both sexes physical trait",NA,NA,"Both sexes physical trait",NA,NA,NA,"Both sexes physical trait","physical trait"
"Passeriformes","Polioptilidae (Gnatcatchers)","Polioptila caerulea","Blue-gray Gnatcatcher","Both sexes physical trait",NA,NA,NA,"Both sexes physical trait",NA,NA,"""Sexes similar, though female may average browner backed than male, more so in western populations (see Systematics: Geographic Variation).""",NA,NA,NA,NA,NA,NA,NA,NA,NA,NA,"Both sexes physical trait","physical trait"
"Charadriiformes","Scolopacidae (Sandpipers and Allies)","Limosa limosa","Black-tailed Godwit","Both sexes physical trait",NA,NA,NA,"Both sexes physical trait",NA,NA,NA,NA,NA,NA,NA,NA,NA,NA,NA,NA,NA,"Both sexes physical trait","physical trait"
"Charadriiformes","Scolopacidae (Sandpipers and Allies)","Limosa haemastica","Hudsonian Godwit","Geographic Location",NA,NA,"Hudson Bay","Geographic Location",NA,NA,NA,NA,NA,NA,NA,NA,NA,NA,NA,NA,NA,"Geographic Location","natural history"
"Charadriiformes","Scolopacidae (Sandpipers and Allies)","Limosa fedoa","Marbled Godwit","Both sexes physical trait",NA,NA,NA,"Both sexes physical trait",NA,NA,NA,NA,NA,NA,NA,NA,NA,NA,NA,NA,NA,"Both sexes physical trait","physical trait"
"Passeriformes","Fringillidae (Finches, Euphonias, and Allies)","Spinus tristis","American Goldfinch","Geographic Location",NA,NA,NA,"Geographic Location",NA,NA,NA,NA,NA,NA,NA,NA,NA,NA,NA,NA,NA,"Geographic Location","natural history"
"Passeriformes","Fringillidae (Finches, Euphonias, and Allies)","Spinus lawrencei","Lawrence's Goldfinch","Person",NA,NA,"George Newbold Lawrence","Person",NA,NA,NA,NA,NA,NA,NA,NA,NA,NA,NA,NA,NA,"Person","human"
"Anseriformes","Anatidae (Ducks, Geese, and Waterfowl)","Branta leucopsis","Barnacle Goose","Random",NA,"https://en.wikipedia.org/wiki/Brant_(goose)","barnacle myth","Random",NA,"https://en.wikipedia.org/wiki/Barnacle_goose_myth","Ancient myth about spawning from barnacles",NA,NA,NA,NA,NA,NA,NA,NA,NA,NA,"Miscellaneous","human"
"Anseriformes","Anatidae (Ducks, Geese, and Waterfowl)","Branta canadensis","Canada Goose","Geographic Location",NA,NA,NA,"Geographic Location",NA,NA,NA,NA,NA,NA,NA,NA,NA,NA,NA,NA,NA,"Geographic Location","natural history"
"Anseriformes","Anatidae (Ducks, Geese, and Waterfowl)","Anser canagicus","Emperor Goose","Both sexes physical trait",NA,"https://www.allaboutbirds.org/guide/Emperor_Goose/overview",NA,"Both sexes physical trait",NA,"https://www.fws.gov/node/263386",NA,NA,NA,NA,NA,NA,NA,NA,NA,NA,NA,"Both sexes physical trait","physical trait"
"Passeriformes","Icteridae (Troupials and Allies)","Quiscalus major","Boat-tailed Grackle","Male physical trait",NA,NA,NA,"Male physical trait",NA,NA,NA,NA,NA,NA,NA,NA,NA,NA,NA,NA,NA,"Male physical trait","physical trait"
"Passeriformes","Icteridae (Troupials and Allies)","Quiscalus mexicanus","Great-tailed Grackle","Male physical trait",NA,NA,NA,"Male physical trait",NA,NA,NA,NA,NA,NA,NA,NA,NA,NA,NA,NA,NA,"Male physical trait","physical trait"
"Podicipediformes","Podicipedidae (Grebes)","Aechmophorus clarkii","Clark's Grebe","Person",NA,NA,NA,"Person",NA,NA,NA,NA,NA,NA,NA,NA,NA,NA,NA,NA,NA,"Person","human"
"Podicipediformes","Podicipedidae (Grebes)","Podilymbus podiceps","Pied-billed Grebe","Both sexes physical trait",NA,NA,NA,"Both sexes physical trait",NA,NA,NA,NA,NA,NA,NA,NA,NA,NA,NA,NA,NA,"Both sexes physical trait","physical trait"
"Podicipediformes","Podicipedidae (Grebes)","Aechmophorus occidentalis","Western Grebe","Geographic Location",NA,NA,NA,"Geographic Location",NA,NA,NA,NA,NA,NA,NA,NA,NA,NA,NA,NA,NA,"Geographic Location","natural history"
"Passeriformes","Cardinalidae (Cardinals and Allies)","Pheucticus melanocephalus","Black-headed Grosbeak","Male physical trait",NA,NA,NA,"Male physical trait",NA,NA,NA,NA,NA,NA,NA,NA,NA,NA,NA,NA,NA,"Male physical trait","physical trait"
"Passeriformes","Cardinalidae (Cardinals and Allies)","Passerina caerulea","Blue Grosbeak","Male physical trait",NA,NA,NA,"Male physical trait",NA,NA,NA,NA,NA,NA,NA,NA,NA,NA,NA,NA,NA,"Male physical trait","physical trait"
"Passeriformes","Fringillidae (Finches, Euphonias, and Allies)","Coccothraustes vespertinus","Evening Grosbeak","Both sexes physical trait",NA,NA,"for the dusky/evening sky coloration","Random",NA,"https://www.audubon.org/news/ask-kenn-how-did-evening-grosbeak-get-its-misleading-name#:~:text=When%20he%20formally%20described%20the,deep%20swamps%2C%20coming%20out%20into","Thought to ""dwell in dark retreats and leaves at the approach of night""","Behavior","https://www.audubon.org/news/ask-kenn-how-did-evening-grosbeak-get-its-misleading-name","First described to sing only in the evening...later proved not to be true","Male physical trait","https://www.allaboutbirds.org/guide/Evening_Grosbeak/overview",NA,"Behavior","https://en.wikipedia.org/wiki/Evening_grosbeak","Hesperiphona, the genus the species used to placed in, is from Ancient Greek hesperos, ""evening"", and phone ""cry""","Behavior","Behavior","natural history"
"Passeriformes","Fringillidae (Finches, Euphonias, and Allies)","Pinicola enucleator","Pine Grosbeak","Life History",NA,NA,"perches in pinetrees","Life History",NA,NA,NA,NA,NA,NA,NA,NA,NA,NA,NA,NA,NA,"Natural History","natural history"
"Passeriformes","Cardinalidae (Cardinals and Allies)","Pheucticus ludovicianus","Rose-breasted Grosbeak","Male physical trait",NA,NA,NA,"Male physical trait",NA,NA,NA,NA,NA,NA,NA,NA,NA,NA,NA,NA,NA,"Male physical trait","physical trait"
"Galliformes","Phasianidae (Pheasants, Grouse, and Allies)","Dendragapus obscurus","Dusky Grouse","Both sexes physical trait",NA,NA,NA,"Both sexes physical trait",NA,NA,NA,NA,NA,NA,NA,NA,NA,NA,NA,NA,NA,"Both sexes physical trait","physical trait"
"Galliformes","Phasianidae (Pheasants, Grouse, and Allies)","Bonasa umbellus","Ruffed Grouse","Male physical trait",NA,NA,NA,"Both sexes physical trait",NA,NA,NA,"Male physical trait","https://www.allaboutbirds.org/guide/Ruffed_Grouse/overview""Displaying males expose a rich black ruff of neck feathers, giving them their name.""","""Displaying males expose a rich black ruff of neck feathers, giving them their name.""","Both sexes physical trait",NA,"all adults have the ruff","Both sexes physical trait",NA,"Ruff smaller on female","Both sexes physical trait","Both sexes physical trait","physical trait"
"Galliformes","Phasianidae (Pheasants, Grouse, and Allies)","Tympanuchus phasianellus","Sharp-tailed Grouse","Both sexes physical trait",NA,NA,NA,"Male physical trait",NA,NA,NA,"Both sexes physical trait",NA,"both sexes have much longer central tail feathers than surrounding ones","Both sexes physical trait",NA,NA,"Both sexes physical trait",NA,NA,NA,"Both sexes physical trait","physical trait"
"Charadriiformes","Alcidae (Auks, Murres, and Puffins)","Cepphus grylle","Black Guillemot","Both sexes physical trait",NA,NA,NA,"Both sexes physical trait",NA,NA,"only breeding plumage",NA,NA,NA,NA,NA,NA,NA,NA,NA,NA,"Both sexes physical trait","physical trait"
"Charadriiformes","Alcidae (Auks, Murres, and Puffins)","Cepphus columba","Pigeon Guillemot","Local language",NA,NA,"name ""columba"" derived from Icelandic klumba for ""auk"". Common name adapted from scientific name.","Time limit","Both sexes physical trait","Wikipedia https://en.wikipedia.org/wiki/Pigeon_guillemot","Latin for dove (columba) and Icelandic for auk (klumba) are very similar and apparently a lot of auks are called ""doves"" because of this, but not sure if it is because of confusion? The bird also does look a lot like a pigeon superficially.","Miscellaneous",NA,"named for pigeon but unclear if this refers to shape/size, nesting, colour etc.","Local language","BotW","from icelandic ""Klumba"", perhaps for the size","Both sexes physical trait","https://en.wikipedia.org/wiki/Pigeon_guillemot","The specific epithet, columba, is derived both from the Icelandic klumba, meaning ""auk"", and the Latin columba, meaning ""pigeon"". Pallas noted in his description of this species that the common name for the related black guillemot was Greenland dove.","Both sexes physical trait","Both sexes physical trait","physical trait"
"Charadriiformes","Laridae (Gulls, Terns, and Skimmers)","Chroicocephalus philadelphia","Bonaparte's Gull","Person",NA,NA,"named for Charles Lucien Bonaparte","Person",NA,NA,"Charles Lucien Bonaparte",NA,NA,NA,NA,NA,NA,NA,NA,NA,NA,"Person","human"
"Charadriiformes","Laridae (Gulls, Terns, and Skimmers)","Larus californicus","California Gull","Geographic Location",NA,NA,NA,"Geographic Location",NA,NA,NA,NA,NA,NA,NA,NA,NA,NA,NA,NA,NA,"Geographic Location","natural history"
"Charadriiformes","Laridae (Gulls, Terns, and Skimmers)","Leucophaeus pipixcan","Franklin's Gull","Person",NA,NA,"John Franklin","Person",NA,NA,"Sir John Franklin",NA,NA,NA,NA,NA,NA,NA,NA,NA,NA,"Person","human"
"Charadriiformes","Laridae (Gulls, Terns, and Skimmers)","Larus hyperboreus","Glaucous Gull","Both sexes physical trait",NA,NA,NA,"Both sexes physical trait",NA,NA,NA,NA,NA,NA,NA,NA,NA,NA,NA,NA,NA,"Both sexes physical trait","physical trait"
"Charadriiformes","Laridae (Gulls, Terns, and Skimmers)","Larus glaucescens","Glaucous-winged Gull","Both sexes physical trait",NA,NA,NA,"Both sexes physical trait",NA,NA,NA,NA,NA,NA,NA,NA,NA,NA,NA,NA,NA,"Both sexes physical trait","physical trait"
"Charadriiformes","Laridae (Gulls, Terns, and Skimmers)","Larus marinus","Great Black-backed Gull","Size","Both sexes physical trait",NA,NA,"Size","Both sexes physical trait",NA,NA,NA,NA,NA,NA,NA,NA,NA,NA,NA,NA,"Size","physical trait"
"Charadriiformes","Laridae (Gulls, Terns, and Skimmers)","Larus argentatus","Herring Gull","Life History",NA,NA,"Couldn't find it specifically stated, but preys on fish and follows stuff around eating the small fish that are disturbed","Life History",NA,NA,NA,NA,NA,NA,NA,NA,NA,NA,NA,NA,NA,"Natural History","natural history"
"Charadriiformes","Laridae (Gulls, Terns, and Skimmers)","Larus heermanni","Heermann's Gull","Person",NA,NA,"Dr Adolphus Lewis Heermann","Person",NA,NA,NA,NA,NA,NA,NA,NA,NA,NA,NA,NA,NA,"Person","human"
"Charadriiformes","Laridae (Gulls, Terns, and Skimmers)","Larus glaucoides","Iceland Gull","Geographic Location",NA,NA,NA,"Geographic Location",NA,NA,NA,NA,NA,NA,NA,NA,NA,NA,NA,NA,NA,"Geographic Location","natural history"
"Charadriiformes","Laridae (Gulls, Terns, and Skimmers)","Pagophila eburnea","Ivory Gull","Both sexes physical trait",NA,NA,NA,"Both sexes physical trait",NA,NA,NA,NA,NA,NA,NA,NA,NA,NA,NA,NA,NA,"Both sexes physical trait","physical trait"
"Charadriiformes","Laridae (Gulls, Terns, and Skimmers)","Leucophaeus atricilla","Laughing Gull","Behavior",NA,NA,NA,"Behavior",NA,NA,NA,NA,NA,NA,NA,NA,NA,NA,NA,NA,NA,"Behavior","natural history"
"Charadriiformes","Laridae (Gulls, Terns, and Skimmers)","Ichthyaetus ichthyaetus","Pallas's Gull","Person",NA,NA,"Peter Simon Pallas","Person",NA,NA,"Peter Simon Pallas",NA,NA,NA,NA,NA,NA,NA,NA,NA,NA,"Person","human"
"Charadriiformes","Laridae (Gulls, Terns, and Skimmers)","Larus delawarensis","Ring-billed Gull","Both sexes physical trait",NA,NA,NA,"Both sexes physical trait",NA,NA,NA,NA,NA,NA,NA,NA,NA,NA,NA,NA,NA,"Both sexes physical trait","physical trait"
"Charadriiformes","Laridae (Gulls, Terns, and Skimmers)","Rhodostethia rosea","Ross's Gull","Person",NA,NA,"named for James Ross","Person",NA,NA,"James Clark Ross (I think different from Ross's Goose)",NA,NA,NA,NA,NA,NA,NA,NA,NA,NA,"Person","human"
"Charadriiformes","Laridae (Gulls, Terns, and Skimmers)","Xema sabini","Sabine's Gull","Person",NA,NA,"named for Joseph Sabine","Person",NA,NA,"Edward Sabine",NA,NA,NA,NA,NA,NA,NA,NA,NA,NA,"Person","human"
"Charadriiformes","Laridae (Gulls, Terns, and Skimmers)","Larus brachyrhynchus","Short-billed Gull","Both sexes physical trait",NA,NA,NA,"Both sexes physical trait",NA,NA,NA,NA,NA,NA,NA,NA,NA,NA,NA,NA,NA,"Both sexes physical trait","physical trait"
"Charadriiformes","Laridae (Gulls, Terns, and Skimmers)","Larus schistisagus","Slaty-backed Gull","Both sexes physical trait",NA,NA,NA,"Both sexes physical trait",NA,NA,NA,NA,NA,NA,NA,NA,NA,NA,NA,NA,NA,"Both sexes physical trait","physical trait"
"Charadriiformes","Laridae (Gulls, Terns, and Skimmers)","Creagrus furcatus","Swallow-tailed Gull","Both sexes physical trait",NA,NA,NA,"Both sexes physical trait",NA,NA,NA,NA,NA,NA,NA,NA,NA,NA,NA,NA,NA,"Both sexes physical trait","physical trait"
"Charadriiformes","Laridae (Gulls, Terns, and Skimmers)","Larus occidentalis","Western Gull","Geographic Location",NA,NA,NA,"Geographic Location",NA,NA,NA,NA,NA,NA,NA,NA,NA,NA,NA,NA,NA,"Geographic Location","natural history"
"Accipitriformes","Accipitridae (Hawks, Eagles, and Kites)","Buteo platypterus","Broad-winged Hawk","Both sexes physical trait",NA,NA,NA,"Both sexes physical trait",NA,NA,NA,NA,NA,NA,NA,NA,NA,NA,NA,NA,NA,"Both sexes physical trait","physical trait"
"Accipitriformes","Accipitridae (Hawks, Eagles, and Kites)","Accipiter cooperii","Cooper's Hawk","Person",NA,NA,NA,"Person",NA,NA,NA,NA,NA,NA,NA,NA,NA,NA,NA,NA,NA,"Person","human"
"Accipitriformes","Accipitridae (Hawks, Eagles, and Kites)","Parabuteo unicinctus","Harris's Hawk","Person",NA,NA,NA,"Person",NA,NA,NA,NA,NA,NA,NA,NA,NA,NA,NA,NA,NA,"Person","human"
"Accipitriformes","Accipitridae (Hawks, Eagles, and Kites)","Buteo lineatus","Red-shouldered Hawk","Both sexes physical trait",NA,NA,NA,"Both sexes physical trait",NA,NA,NA,NA,NA,NA,NA,NA,NA,NA,NA,NA,NA,"Both sexes physical trait","physical trait"
"Accipitriformes","Accipitridae (Hawks, Eagles, and Kites)","Buteo jamaicensis","Red-tailed Hawk","Both sexes physical trait",NA,NA,NA,"Both sexes physical trait",NA,NA,NA,NA,NA,NA,NA,NA,NA,NA,NA,NA,NA,"Both sexes physical trait","physical trait"
"Accipitriformes","Accipitridae (Hawks, Eagles, and Kites)","Buteo lagopus","Rough-legged Hawk","Both sexes physical trait",NA,NA,NA,"Both sexes physical trait",NA,NA,NA,NA,NA,NA,NA,NA,NA,NA,NA,NA,NA,"Both sexes physical trait","physical trait"
"Accipitriformes","Accipitridae (Hawks, Eagles, and Kites)","Accipiter striatus","Sharp-shinned Hawk","Both sexes physical trait",NA,NA,NA,"Both sexes physical trait",NA,NA,NA,NA,NA,NA,NA,NA,NA,NA,NA,NA,NA,"Both sexes physical trait","physical trait"
"Accipitriformes","Accipitridae (Hawks, Eagles, and Kites)","Buteo brachyurus","Short-tailed Hawk","Both sexes physical trait",NA,NA,NA,"Both sexes physical trait",NA,NA,NA,NA,NA,NA,NA,NA,NA,NA,NA,NA,NA,"Both sexes physical trait","physical trait"
"Accipitriformes","Accipitridae (Hawks, Eagles, and Kites)","Buteo swainsoni","Swainson's Hawk","Person",NA,NA,NA,"Person",NA,NA,NA,NA,NA,NA,NA,NA,NA,NA,NA,NA,NA,"Person","human"
"Accipitriformes","Accipitridae (Hawks, Eagles, and Kites)","Geranoaetus albicaudatus","White-tailed Hawk","Both sexes physical trait",NA,NA,NA,"Both sexes physical trait",NA,NA,NA,NA,NA,NA,NA,NA,NA,NA,NA,NA,NA,"Both sexes physical trait","physical trait"
"Accipitriformes","Accipitridae (Hawks, Eagles, and Kites)","Buteo albonotatus","Zone-tailed Hawk","Both sexes physical trait",NA,NA,"Sexes differ slightly in patterning of tail, but both can be considered ""zone-tailed""","Both sexes physical trait",NA,NA,NA,NA,NA,NA,NA,NA,NA,NA,NA,NA,NA,"Both sexes physical trait","physical trait"
"Pelecaniformes","Ardeidae (Herons, Egrets, and Bitterns)","Nycticorax nycticorax","Black-crowned Night-Heron","Both sexes physical trait",NA,NA,NA,"Both sexes physical trait",NA,NA,NA,NA,NA,NA,NA,NA,NA,NA,NA,NA,NA,"Both sexes physical trait","physical trait"
"Pelecaniformes","Ardeidae (Herons, Egrets, and Bitterns)","Ardea herodias","Great Blue Heron","General Descriptor",NA,NA,NA,"Size","Both sexes physical trait",NA,NA,"Size",NA,NA,"Size",NA,"great for size, blue for trait in both sexes","Size",NA,NA,NA,"Size","physical trait"
"Pelecaniformes","Ardeidae (Herons, Egrets, and Bitterns)","Butorides virescens","Green Heron","Both sexes physical trait",NA,NA,NA,"Both sexes physical trait",NA,"BotW","Females duller, but still green",NA,NA,NA,NA,NA,NA,NA,NA,NA,NA,"Both sexes physical trait","physical trait"
"Pelecaniformes","Ardeidae (Herons, Egrets, and Bitterns)","Egretta caerulea","Little Blue Heron","Size",NA,NA,NA,"Size","Both sexes physical trait",NA,NA,NA,NA,NA,NA,NA,NA,NA,NA,NA,NA,"Size","physical trait"
"Pelecaniformes","Ardeidae (Herons, Egrets, and Bitterns)","Nyctanassa violacea","Yellow-crowned Night-Heron","Both sexes physical trait",NA,NA,NA,"Both sexes physical trait",NA,NA,NA,NA,NA,NA,NA,NA,NA,NA,NA,NA,NA,"Both sexes physical trait","physical trait"
"Caprimulgiformes","Trochilidae (Hummingbirds)","Selasphorus sasin","Allen's Hummingbird","Person",NA,NA,"Charles Allen","Person",NA,NA,NA,NA,NA,NA,NA,NA,NA,NA,NA,NA,NA,"Person","human"
"Caprimulgiformes","Trochilidae (Hummingbirds)","Calypte anna","Anna's Hummingbird","Person",NA,NA,"duchess of Rivoli, Anna de Belle Massena","Person",NA,NA,NA,NA,NA,NA,NA,NA,NA,NA,NA,NA,NA,"Person","human"
"Caprimulgiformes","Trochilidae (Hummingbirds)","Archilochus alexandri","Black-chinned Hummingbird","Female physical trait",NA,NA,NA,"Male physical trait",NA,NA,NA,"Male physical trait",NA,NA,"Male physical trait",NA,NA,"Male physical trait",NA,NA,NA,"Male physical trait","physical trait"
"Caprimulgiformes","Trochilidae (Hummingbirds)","Cynanthus latirostris","Broad-billed Hummingbird","Both sexes physical trait",NA,NA,NA,"Both sexes physical trait",NA,NA,NA,NA,NA,NA,NA,NA,NA,NA,NA,NA,NA,"Both sexes physical trait","physical trait"
"Caprimulgiformes","Trochilidae (Hummingbirds)","Selasphorus platycercus","Broad-tailed Hummingbird","Both sexes physical trait",NA,NA,NA,"Both sexes physical trait",NA,NA,NA,NA,NA,NA,NA,NA,NA,NA,NA,NA,NA,"Both sexes physical trait","physical trait"
"Caprimulgiformes","Trochilidae (Hummingbirds)","Amazilia yucatanensis","Buff-bellied Hummingbird","Both sexes physical trait",NA,NA,NA,"Both sexes physical trait",NA,NA,NA,NA,NA,NA,NA,NA,NA,NA,NA,NA,NA,"Both sexes physical trait","physical trait"
"Caprimulgiformes","Trochilidae (Hummingbirds)","Selasphorus calliope","Calliope Hummingbird","Person",NA,NA,"one of the Muses","Behavior",NA,NA,"""Calliope"" refers to the Greek muse of epic poetry. The BotW entry says that this is fitting given their territory defense (epic poetry is the poetry of battles), but does not directly state that the mythical name was given DUE TO behavior, just that it happens to fit behavior. Therefore I am assigning ""Random"" rather than ""Behavior.""","Miscellaneous","BOW","Gr. myth. Calliope, fine-voiced chief of the Muses, who presided over eloquence and heroic poetry","Miscellaneous",NA,"Calliope is the muse of epic poetry","Miscellaneous",NA,NA,NA,"Miscellaneous","human"
"Caprimulgiformes","Trochilidae (Hummingbirds)","Calypte costae","Costa's Hummingbird","Person",NA,NA,"in honor of Louis Marie Pantaleon Costa, Marquis de Beauregard","Person",NA,NA,NA,NA,NA,NA,NA,NA,NA,NA,NA,NA,NA,"Person","human"
"Caprimulgiformes","Trochilidae (Hummingbirds)","Calothorax lucifer","Lucifer Hummingbird","Male physical trait",NA,"https://www.birdsandblooms.com/birding/attracting-hummingbirds/lucifer-hummingbird/","Lucifer can also mean 'light bearing' and its believed its in reference to the throat patch","Male physical trait",NA,"https://www.birdsandblooms.com/birding/attracting-hummingbirds/lucifer-hummingbird/","Kaufman suggests the Lucifer aspect refers to the gorget on the throat",NA,NA,NA,NA,NA,NA,NA,NA,NA,NA,"Male physical trait","physical trait"
"Caprimulgiformes","Trochilidae (Hummingbirds)","Archilochus colubris","Ruby-throated Hummingbird","Male physical trait",NA,NA,NA,"Male physical trait",NA,NA,NA,NA,NA,NA,NA,NA,NA,NA,NA,NA,NA,"Male physical trait","physical trait"
"Caprimulgiformes","Trochilidae (Hummingbirds)","Selasphorus rufus","Rufous Hummingbird","Male physical trait",NA,NA,NA,"Male physical trait",NA,NA,NA,NA,NA,NA,NA,NA,NA,NA,NA,NA,NA,"Male physical trait","physical trait"
"Caprimulgiformes","Trochilidae (Hummingbirds)","Basilinna xantusii","Xantus's Hummingbird","Person",NA,NA,"Hungarian naturalist John X‚Äö√†√∂¬¨‚àûntus de Vesey","Person",NA,NA,NA,NA,NA,NA,NA,NA,NA,NA,NA,NA,NA,"Person","human"
"Pelecaniformes","Threskiornithidae (Ibises and Spoonbills)","Plegadis falcinellus","Glossy Ibis","Both sexes physical trait",NA,NA,NA,"Both sexes physical trait",NA,NA,NA,NA,NA,NA,NA,NA,NA,NA,NA,NA,NA,"Both sexes physical trait","physical trait"
"Pelecaniformes","Threskiornithidae (Ibises and Spoonbills)","Eudocimus ruber","Scarlet Ibis","Both sexes physical trait",NA,NA,NA,"Both sexes physical trait",NA,NA,NA,NA,NA,NA,NA,NA,NA,NA,NA,NA,NA,"Both sexes physical trait","physical trait"
"Pelecaniformes","Threskiornithidae (Ibises and Spoonbills)","Eudocimus albus","White Ibis","Both sexes physical trait",NA,NA,NA,"Both sexes physical trait",NA,NA,NA,NA,NA,NA,NA,NA,NA,NA,NA,NA,NA,"Both sexes physical trait","physical trait"
"Ciconiiformes","Ciconiidae (Storks)","Jabiru mycteria","Jabiru","Local language",NA,NA,NA,"Local language",NA,"https://beautyofbirds.com/jabiru/","The name comes from the Tupi-Guaran‚Äö√†√∂‚Äö√¢‚Ä† language and means ‚Äö√Ñ√∂‚àö√ë‚àö‚à´swollen neck‚Äö√Ñ√∂‚àö√ë‚àöœÄ.",NA,NA,NA,NA,NA,NA,NA,NA,NA,NA,"Local language","human"
"Charadriiformes","Stercorariidae (Skuas and Jaegers)","Stercorarius parasiticus","Parasitic Jaeger","Life History",NA,NA,"feeding habit, force other birds to disgorge food","Behavior",NA,NA,NA,"Behavior","BOTW","""Parasitic Jaegers are well named for their habit of forcing other seabirds to disgorge their food""","Behavior",NA,"parasitizes/steals the catches of other birds","Behavior",NA,NA,NA,"Behavior","natural history"
"Charadriiformes","Stercorariidae (Skuas and Jaegers)","Stercorarius pomarinus","Pomarine Jaeger","Both sexes physical trait",NA,NA,"from Ancient Greek poma, pomatos, ""lid"" and rhis, rhinos, ""nostrils""- named for tube noses","Both sexes physical trait",NA,NA,"Pomarine = ""lid-nosed""",NA,NA,NA,NA,NA,NA,NA,NA,NA,NA,"Both sexes physical trait","physical trait"
"Charadriiformes","Stercorariidae (Skuas and Jaegers)","Stercorarius longicaudus","Long-tailed Jaeger","Both sexes physical trait",NA,NA,NA,"Both sexes physical trait",NA,NA,"Only breeding plumage",NA,NA,NA,NA,NA,NA,NA,NA,NA,NA,"Both sexes physical trait","physical trait"
"Passeriformes","Corvidae (Crows, Jays, and Magpies)","Cyanocitta cristata","Blue Jay","Both sexes physical trait",NA,NA,NA,"Both sexes physical trait",NA,NA,NA,NA,NA,NA,NA,NA,NA,NA,NA,NA,NA,"Both sexes physical trait","physical trait"
"Passeriformes","Corvidae (Crows, Jays, and Magpies)","Perisoreus canadensis","Canada Jay","Geographic Location",NA,NA,NA,"Geographic Location",NA,NA,NA,NA,NA,NA,NA,NA,NA,NA,NA,NA,NA,"Geographic Location","natural history"
"Passeriformes","Corvidae (Crows, Jays, and Magpies)","Cyanocorax yncas","Green Jay","Both sexes physical trait",NA,NA,NA,"Both sexes physical trait",NA,NA,NA,NA,NA,NA,NA,NA,NA,NA,NA,NA,NA,"Both sexes physical trait","physical trait"
"Passeriformes","Corvidae (Crows, Jays, and Magpies)","Cyanocitta stelleri","Steller's Jay","Person",NA,NA,"Named after Georg Wilhelm Steller","Person",NA,NA,NA,NA,NA,NA,NA,NA,NA,NA,NA,NA,NA,"Person","human"
"Passeriformes","Passerellidae (New World Sparrows)","Junco bairdi","Baird's Junco","Person",NA,NA,NA,"Person",NA,NA,NA,NA,NA,NA,NA,NA,NA,NA,NA,NA,NA,"Person","human"
"Passeriformes","Passerellidae (New World Sparrows)","Junco insularis","Guadalupe Junco","Geographic Location",NA,NA,NA,"Geographic Location",NA,NA,NA,NA,NA,NA,NA,NA,NA,NA,NA,NA,NA,"Geographic Location","natural history"
"Charadriiformes","Charadriidae (Plovers and Lapwings)","Charadrius vociferus","Killdeer","Behavior",NA,NA,"vocalizations","Behavior",NA,NA,NA,NA,NA,NA,NA,NA,NA,NA,NA,NA,NA,"Behavior","natural history"
"Passeriformes","Tyrannidae (Tyrant Flycatchers)","Tyrannus vociferans","Cassin's Kingbird","Person",NA,NA,"John Cassin","Person",NA,NA,"John Cassin",NA,NA,NA,NA,NA,NA,NA,NA,NA,NA,"Person","human"
"Passeriformes","Tyrannidae (Tyrant Flycatchers)","Tyrannus couchii","Couch's Kingbird","Person",NA,NA,"Maj.-Gen. Darius Nash Couch","Person",NA,NA,"Darius Nash Couch",NA,NA,NA,NA,NA,NA,NA,NA,NA,NA,"Person","human"
"Passeriformes","Tyrannidae (Tyrant Flycatchers)","Tyrannus dominicensis","Gray Kingbird","Both sexes physical trait",NA,NA,NA,"Both sexes physical trait",NA,NA,NA,NA,NA,NA,NA,NA,NA,NA,NA,NA,NA,"Both sexes physical trait","physical trait"
"Coraciiformes","Alcedinidae (Kingfishers)","Megaceryle alcyon","Belted Kingfisher","Female physical trait",NA,NA,"Only the female has a belt on lower chest, both sexes have band on breast","Female physical trait",NA,NA,"https://www.trgt.org/bloginput/2021/6/21/the-mysterious-world-of-the-belted-kingfishernbsp",NA,NA,NA,NA,NA,NA,NA,NA,NA,NA,"Female physical trait","physical trait"
"Passeriformes","Regulidae (Kinglets)","Regulus satrapa","Golden-crowned Kinglet","Both sexes physical trait",NA,NA,NA,"Both sexes physical trait",NA,NA,NA,NA,NA,NA,NA,NA,NA,NA,NA,NA,NA,"Both sexes physical trait","physical trait"
"Passeriformes","Regulidae (Kinglets)","Corthylio calendula","Ruby-crowned Kinglet","Male physical trait",NA,NA,NA,"Male physical trait",NA,NA,NA,NA,NA,NA,NA,NA,NA,NA,NA,NA,NA,"Male physical trait","physical trait"
"Accipitriformes","Accipitridae (Hawks, Eagles, and Kites)","Ictinia mississippiensis","Mississippi Kite","Geographic Location",NA,NA,"Mississippi River","Geographic Location",NA,NA,NA,NA,NA,NA,NA,NA,NA,NA,NA,NA,NA,"Geographic Location","natural history"
"Accipitriformes","Accipitridae (Hawks, Eagles, and Kites)","Elanoides forficatus","Swallow-tailed Kite","Both sexes physical trait",NA,NA,NA,"Both sexes physical trait",NA,NA,NA,NA,NA,NA,NA,NA,NA,NA,NA,NA,NA,"Both sexes physical trait","physical trait"
"Accipitriformes","Accipitridae (Hawks, Eagles, and Kites)","Elanus leucurus","White-tailed Kite","Both sexes physical trait",NA,NA,NA,"Both sexes physical trait",NA,NA,NA,NA,NA,NA,NA,NA,NA,NA,NA,NA,NA,"Both sexes physical trait","physical trait"
"Charadriiformes","Laridae (Gulls, Terns, and Skimmers)","Rissa brevirostris","Red-legged Kittiwake","Both sexes physical trait",NA,NA,NA,"Both sexes physical trait",NA,NA,NA,NA,NA,NA,NA,NA,NA,NA,NA,NA,NA,"Both sexes physical trait","physical trait"
"Passeriformes","Alaudidae (Larks)","Eremophila alpestris","Horned Lark","Both sexes physical trait",NA,NA,NA,"Male physical trait",NA,NA,"BotW: ""The occipital feather tuft [of the female] not as prominent and rarely erected."" While they do have small tufts, they really don't look like horns as in the male. I could be persuaded to mark ""both sexes"" though.","Male physical trait",NA,NA,"Both sexes physical trait",NA,"Female horns smaller, less erect than males","Both sexes physical trait",NA,NA,"Both sexes physical trait","Both sexes physical trait","physical trait"
"Gruiformes","Aramidae (Limpkin)","Aramus guarauna","Limpkin","Behavior",NA,"National Geographic Field Guide To The Birds Of North America (4th ed.). National Geographic Society. 2002. ISBN 0-7922-6877-6.","Named from the way that limpkins walk, described as a ""limping gait""","Behavior",NA,"https://en.wikipedia.org/wiki/Limpkin#cite_note-NatGeo-2","Refers to the gait apparently. Ref is Wikipedia citing Nat Geo d guide, which I didn't look at myself",NA,NA,NA,NA,NA,NA,NA,NA,NA,NA,"Behavior","natural history"
"Passeriformes","Calcariidae (Longspurs and Snow Buntings)","Calcarius ornatus","Chestnut-collared Longspur","Male physical trait",NA,NA,NA,"Male physical trait",NA,NA,NA,NA,NA,NA,NA,NA,NA,NA,NA,NA,NA,"Male physical trait","physical trait"
"Passeriformes","Calcariidae (Longspurs and Snow Buntings)","Calcarius lapponicus","Lapland Longspur","Geographic Location",NA,NA,"Lapland, the land of the Saami peoples in northern Scandinavia","Geographic Location",NA,NA,NA,NA,NA,NA,NA,NA,NA,NA,NA,NA,NA,"Geographic Location","natural history"
"Passeriformes","Calcariidae (Longspurs and Snow Buntings)","Calcarius pictus","Smith's Longspur","Person",NA,NA,NA,"Person",NA,NA,NA,NA,NA,NA,NA,NA,NA,NA,NA,NA,NA,"Person","human"
"Gaviiformes","Gaviidae (Loons)","Gavia pacifica","Pacific Loon","Geographic Location",NA,NA,NA,"Geographic Location",NA,NA,NA,NA,NA,NA,NA,NA,NA,NA,NA,NA,NA,"Geographic Location","natural history"
"Gaviiformes","Gaviidae (Loons)","Gavia stellata","Red-throated Loon","Both sexes physical trait",NA,NA,NA,"Both sexes physical trait",NA,NA,NA,NA,NA,NA,NA,NA,NA,NA,NA,NA,NA,"Both sexes physical trait","physical trait"
"Gaviiformes","Gaviidae (Loons)","Gavia adamsii","Yellow-billed Loon","Both sexes physical trait",NA,NA,NA,"Both sexes physical trait",NA,NA,NA,NA,NA,NA,NA,NA,NA,NA,NA,NA,NA,"Both sexes physical trait","physical trait"
"Passeriformes","Corvidae (Crows, Jays, and Magpies)","Pica nuttalli","Yellow-billed Magpie","Both sexes physical trait",NA,NA,NA,"Both sexes physical trait",NA,NA,NA,NA,NA,NA,NA,NA,NA,NA,NA,NA,NA,"Both sexes physical trait","physical trait"
"Anseriformes","Anatidae (Ducks, Geese, and Waterfowl)","Anas platyrhynchos","Mallard","Local language",NA,"https://domesticanimalbreeds.com/mallard-duck-breed-everything-you-need-to-know/#:~:text=The%20name%20Mallard%20duck%20originated%20from%20an%20old,collar%20in%20Spanish%20and%20Canard%20Colvert%20in%20French.",NA,"Local language",NA,"https://en.wikipedia.org/wiki/Mallard","Old French malart for ""wild drake""",NA,NA,NA,NA,NA,NA,NA,NA,NA,NA,"Local language","human"
"Passeriformes","Hirundinidae (Swallows)","Progne subis","Purple Martin","Male physical trait",NA,NA,NA,"Both sexes physical trait",NA,NA,"Male almost entirely purple, but purple present on female's back","Both sexes physical trait",NA,NA,"Male physical trait",NA,NA,"Both sexes physical trait",NA,NA,"Both sexes physical trait","Both sexes physical trait","physical trait"
"Anseriformes","Anatidae (Ducks, Geese, and Waterfowl)","Lophodytes cucullatus","Hooded Merganser","Male physical trait",NA,NA,NA,"Both sexes physical trait",NA,NA,"Could refer to just the male, but its fairly pronounced in both sexes.","Both sexes physical trait",NA,NA,"Male physical trait",NA,NA,"Both sexes physical trait",NA,NA,"Both sexes physical trait","Both sexes physical trait","physical trait"
"Anseriformes","Anatidae (Ducks, Geese, and Waterfowl)","Mergus serrator","Red-breasted Merganser","Both sexes physical trait",NA,NA,NA,"Male physical trait",NA,NA,NA,"Male physical trait","distinctive feature in males",NA,"Male physical trait",NA,NA,"Male physical trait",NA,NA,NA,"Male physical trait","physical trait"
"Charadriiformes","Alcidae (Auks, Murres, and Puffins)","Synthliboramphus antiquus","Ancient Murrelet","Both sexes physical trait",NA,NA,"named for the narrow white feathers on back of neck which make it look ""aged""","Both sexes physical trait",NA,"https://en.wikipedia.org/wiki/Ancient_murrelet; https://identify.whatbird.com/obj/253/_/ancient_murrelet.aspx","the name apparently refers to the white streaks on the head of nonbreeding individuals that give them ""an aged look""",NA,NA,NA,NA,NA,NA,NA,NA,NA,NA,"Both sexes physical trait","physical trait"
"Charadriiformes","Alcidae (Auks, Murres, and Puffins)","Synthliboramphus craveri","Craveri's Murrelet","Person",NA,NA,"named for Federico/Ettore Craveri","Person",NA,NA,"Federico Craveri and Ettore Craveri",NA,NA,NA,NA,NA,NA,NA,NA,NA,NA,"Person","human"
"Charadriiformes","Alcidae (Auks, Murres, and Puffins)","Brachyramphus brevirostris","Kittlitz's Murrelet","Person",NA,NA,"named for Heinrich von Kittlitz","Person",NA,"Bird Names for Birds",NA,NA,NA,NA,NA,NA,NA,NA,NA,NA,NA,"Person","human"
"Charadriiformes","Alcidae (Auks, Murres, and Puffins)","Brachyramphus marmoratus","Marbled Murrelet","Both sexes physical trait",NA,NA,NA,"Both sexes physical trait",NA,NA,"unclear if refers to breeding or nonbreeding",NA,NA,NA,NA,NA,NA,NA,NA,NA,NA,"Both sexes physical trait","physical trait"
"Passeriformes","Sittidae (Nuthatches)","Sitta pusilla","Brown-headed Nuthatch","Both sexes physical trait",NA,NA,NA,"Both sexes physical trait",NA,NA,NA,NA,NA,NA,NA,NA,NA,NA,NA,NA,NA,"Both sexes physical trait","physical trait"
"Passeriformes","Sittidae (Nuthatches)","Sitta pygmaea","Pygmy Nuthatch","Size",NA,NA,NA,"Size",NA,NA,NA,NA,NA,NA,NA,NA,NA,NA,NA,NA,NA,"Size","physical trait"
"Passeriformes","Sittidae (Nuthatches)","Sitta canadensis","Red-breasted Nuthatch","Both sexes physical trait",NA,NA,NA,"Both sexes physical trait",NA,NA,"Female breast is less red on average (paler than male)",NA,NA,NA,NA,NA,NA,NA,NA,NA,NA,"Both sexes physical trait","physical trait"
"Passeriformes","Sittidae (Nuthatches)","Sitta carolinensis","White-breasted Nuthatch","Both sexes physical trait",NA,NA,NA,"Both sexes physical trait",NA,NA,"Female underparts are more grey and less white than males",NA,NA,NA,NA,NA,NA,NA,NA,NA,NA,"Both sexes physical trait","physical trait"
"Passeriformes","Icteridae (Troupials and Allies)","Icterus graduacauda","Audubon's Oriole","Person",NA,NA,NA,"Person",NA,NA,NA,NA,NA,NA,NA,NA,NA,NA,NA,NA,NA,"Person","human"
"Passeriformes","Icteridae (Troupials and Allies)","Icterus galbula","Baltimore Oriole","Geographic Location","Male physical trait",NA,"named for the colors of the Baltimore family, patrons of the Maryland colony where originally described","Male physical trait",NA,NA,"black and orange were the colors of the Baltimores, the colonial proprietors of the Maryland colony.","Person",NA,"male colors looks like the coat of arms for Lord Baltimore, so could also be male physical trait?","Male physical trait","BotW","""Catesby named this bird the ""Baltimore-Bird,"" because black and orange were the colors of the Baltimores, the colonial proprietors of the Maryland colony""","Geographic Location",NA,NA,"Miscellaneous","Miscellaneous","human"
"Passeriformes","Icteridae (Troupials and Allies)","Icterus bullockii","Bullock's Oriole","Person",NA,NA,"William Bullock, traveler and collector","Person",NA,NA,NA,NA,NA,NA,NA,NA,NA,NA,NA,NA,NA,"Person","human"
"Passeriformes","Icteridae (Troupials and Allies)","Icterus cucullatus","Hooded Oriole","Male physical trait",NA,NA,NA,"Male physical trait",NA,NA,NA,NA,NA,NA,NA,NA,NA,NA,NA,NA,NA,"Male physical trait","physical trait"
"Passeriformes","Icteridae (Troupials and Allies)","Icterus spurius","Orchard Oriole","Life History",NA,NA,NA,"Life History",NA,NA,NA,NA,NA,NA,NA,NA,NA,NA,NA,NA,NA,"Natural History","natural history"
"Passeriformes","Icteridae (Troupials and Allies)","Icterus parisorum","Scott's Oriole","Person",NA,NA,"https://birdnamesforbirds.wordpress.com/historical-profiles/profiles-a-z/scott-winfield/","Person",NA,NA,"Winfield Scott",NA,NA,NA,NA,NA,NA,NA,NA,NA,NA,"Person","human"
"Passeriformes","Parulidae (New World Warblers)","Seiurus aurocapilla","Ovenbird","Behavior",NA,NA,NA,"Behavior",NA,NA,"Nest resembles dome-shaped oven",NA,NA,NA,NA,NA,NA,NA,NA,NA,NA,"Behavior","natural history"
"Strigiformes","Strigidae (Owls)","Strix varia","Barred Owl","Both sexes physical trait",NA,NA,NA,"Both sexes physical trait",NA,NA,NA,NA,NA,NA,NA,NA,NA,NA,NA,NA,NA,"Both sexes physical trait","physical trait"
"Strigiformes","Strigidae (Owls)","Athene cunicularia","Burrowing Owl","Life History",NA,NA,NA,"Behavior",NA,NA,NA,"Behavior",NA,NA,"Natural History",NA,NA,"Natural History","https://en.wikipedia.org/wiki/Burrowing_owl","The owls nest in a burrow, hence the name burrowing owl.","Natural History","Natural History","natural history"
"Strigiformes","Strigidae (Owls)","Micrathene whitneyi","Elf Owl","Size",NA,NA,"smallest owl","Size",NA,NA,NA,NA,NA,NA,NA,NA,NA,NA,NA,NA,NA,"Size","physical trait"
"Strigiformes","Strigidae (Owls)","Glaucidium brasilianum","Ferruginous Pygmy-Owl","Both sexes physical trait",NA,NA,NA,"Both sexes physical trait",NA,NA,NA,NA,NA,NA,NA,NA,NA,NA,NA,NA,NA,"Both sexes physical trait","physical trait"
"Strigiformes","Strigidae (Owls)","Strix nebulosa","Great Gray Owl","Size","Both sexes physical trait",NA,NA,"Both sexes physical trait",NA,NA,NA,"Size",NA,"also both sexes physcial trait","Size",NA,NA,"Size",NA,NA,NA,"Size","physical trait"
"Strigiformes","Strigidae (Owls)","Bubo virginianus","Great Horned Owl","Both sexes physical trait",NA,NA,NA,"Both sexes physical trait",NA,NA,NA,NA,NA,NA,NA,NA,NA,NA,NA,NA,NA,"Both sexes physical trait","physical trait"
"Strigiformes","Strigidae (Owls)","Asio flammeus","Short-eared Owl","Both sexes physical trait",NA,NA,NA,"Both sexes physical trait",NA,NA,NA,NA,NA,NA,NA,NA,NA,NA,NA,NA,NA,"Both sexes physical trait","physical trait"
"Strigiformes","Strigidae (Owls)","Bubo scandiacus","Snowy Owl","Both sexes physical trait",NA,NA,NA,"Both sexes physical trait",NA,NA,"Female snowy owls have darker brown 'bars' in their feathers, while male owls are mostly purely white.",NA,NA,NA,NA,NA,NA,NA,NA,NA,NA,"Both sexes physical trait","physical trait"
"Strigiformes","Strigidae (Owls)","Strix occidentalis","Spotted Owl","Both sexes physical trait",NA,NA,NA,"Both sexes physical trait",NA,NA,NA,NA,NA,NA,NA,NA,NA,NA,NA,NA,NA,"Both sexes physical trait","physical trait"
"Charadriiformes","Haematopodidae (Oystercatchers)","Haematopus palliatus","American Oystercatcher","Geographic Location",NA,NA,NA,"Geographic Location",NA,NA,NA,NA,NA,NA,NA,NA,NA,NA,NA,NA,NA,"Geographic Location","natural history"
"Charadriiformes","Haematopodidae (Oystercatchers)","Haematopus bachmani","Black Oystercatcher","Both sexes physical trait",NA,NA,NA,"Both sexes physical trait",NA,NA,NA,NA,NA,NA,NA,NA,NA,NA,NA,NA,NA,"Both sexes physical trait","physical trait"
"Psittaciformes","Psittacidae (New World and African Parrots)","Rhynchopsitta pachyrhyncha","Thick-billed Parrot","Both sexes physical trait",NA,NA,NA,"Both sexes physical trait",NA,NA,NA,NA,NA,NA,NA,NA,NA,NA,NA,NA,NA,"Both sexes physical trait","physical trait"
"Pelecaniformes","Pelecanidae (Pelicans)","Pelecanus erythrorhynchos","American White Pelican","Geographic Location","Both sexes physical trait",NA,NA,"Geographic Location","Both sexes physical trait",NA,NA,NA,NA,NA,NA,NA,NA,NA,NA,NA,NA,"Geographic Location","natural history"
"Pelecaniformes","Pelecanidae (Pelicans)","Pelecanus occidentalis","Brown Pelican","Both sexes physical trait",NA,NA,NA,"Both sexes physical trait",NA,NA,NA,NA,NA,NA,NA,NA,NA,NA,NA,NA,NA,"Both sexes physical trait","physical trait"
"Procellariiformes","Procellariidae (Shearwaters and Petrels)","Pterodroma hasitata","Black-capped Petrel","Both sexes physical trait",NA,NA,NA,"Both sexes physical trait",NA,NA,NA,NA,NA,NA,NA,NA,NA,NA,NA,NA,NA,"Both sexes physical trait","physical trait"
"Procellariiformes","Procellariidae (Shearwaters and Petrels)","Bulweria bulwerii","Bulwer's Petrel","Person",NA,NA,NA,"Person",NA,NA,NA,NA,NA,NA,NA,NA,NA,NA,NA,NA,NA,"Person","human"
"Passeriformes","Tyrannidae (Tyrant Flycatchers)","Contopus sordidulus","Western Wood-Pewee","Geographic Location",NA,NA,NA,"Geographic Location",NA,NA,NA,NA,NA,NA,NA,NA,NA,NA,NA,NA,NA,"Geographic Location","natural history"
"Passeriformes","Ptiliogonatidae (Silky-flycatchers)","Phainopepla nitens","Phainopepla","Both sexes physical trait",NA,NA,"In flight, the male flashes white wing patches, a striking contrast with the shimmering black plumage which inspired the Greek name Phainopepla, or ""shining robe.""","Male physical trait",NA,NA,"Greek: shiny cloak","Male physical trait",NA,NA,"Male physical trait","BotW","Greek ""phaenios"" + ""peplos"" = shining robe, for male plumage","Local language",NA,"BotW: Male 'shimmering black plumage which inspired the Greek name Phainopepla, or ""shining robe.""'","Male physical trait","Male physical trait","physical trait"
"Charadriiformes","Scolopacidae (Sandpipers and Allies)","Phalaropus fulicarius","Red Phalarope","Both sexes physical trait",NA,NA,NA,"Both sexes physical trait",NA,NA,"Only breeding plumage",NA,NA,NA,NA,NA,NA,NA,NA,NA,NA,"Both sexes physical trait","physical trait"
"Charadriiformes","Scolopacidae (Sandpipers and Allies)","Phalaropus tricolor","Wilson's Phalarope","Person",NA,NA,NA,"Person",NA,NA,"Alexander Wilson",NA,NA,NA,NA,NA,NA,NA,NA,NA,NA,"Person","human"
"Passeriformes","Tyrannidae (Tyrant Flycatchers)","Sayornis nigricans","Black Phoebe","Both sexes physical trait",NA,NA,NA,"Both sexes physical trait",NA,NA,NA,NA,NA,NA,NA,NA,NA,NA,NA,NA,NA,"Both sexes physical trait","physical trait"
"Passeriformes","Tyrannidae (Tyrant Flycatchers)","Sayornis saya","Say's Phoebe","Person",NA,NA,"Named after Thomas Say","Person",NA,NA,NA,NA,NA,NA,NA,NA,NA,NA,NA,NA,NA,"Person","human"
"Columbiformes","Columbidae (Pigeons and Doves)","Patagioenas fasciata","Band-tailed Pigeon","Both sexes physical trait",NA,NA,NA,"Both sexes physical trait",NA,NA,NA,NA,NA,NA,NA,NA,NA,NA,NA,NA,NA,"Both sexes physical trait","physical trait"
"Columbiformes","Columbidae (Pigeons and Doves)","Ectopistes migratorius","Passenger Pigeon","Life History",NA,NA,"EXTINCT. from French ""passager""= ""passing by"", reference to migration","Life History",NA,NA,NA,NA,NA,NA,NA,NA,NA,NA,NA,NA,NA,"Natural History","natural history"
"Columbiformes","Columbidae (Pigeons and Doves)","Patagioenas flavirostris","Red-billed Pigeon","Both sexes physical trait",NA,NA,NA,"Both sexes physical trait",NA,NA,NA,NA,NA,NA,NA,NA,NA,NA,NA,NA,NA,"Both sexes physical trait","physical trait"
"Columbiformes","Columbidae (Pigeons and Doves)","Patagioenas leucocephala","White-crowned Pigeon","Both sexes physical trait",NA,NA,NA,"Both sexes physical trait",NA,NA,NA,NA,NA,NA,NA,NA,NA,NA,NA,NA,NA,"Both sexes physical trait","physical trait"
"Passeriformes","Motacillidae (Wagtails and Pipits)","Anthus rubescens","American Pipit","Geographic Location",NA,NA,NA,"Geographic Location",NA,NA,NA,NA,NA,NA,NA,NA,NA,NA,NA,NA,NA,"Geographic Location","natural history"
"Passeriformes","Motacillidae (Wagtails and Pipits)","Anthus pratensis","Meadow Pipit","Life History",NA,NA,"lives in open habitats","Life History",NA,NA,"sexes alike. habitat.",NA,NA,NA,NA,NA,NA,NA,NA,NA,NA,"Natural History","natural history"
"Passeriformes","Motacillidae (Wagtails and Pipits)","Anthus cervinus","Red-throated Pipit","Both sexes physical trait",NA,NA,NA,"Both sexes physical trait",NA,NA,NA,NA,NA,NA,NA,NA,NA,NA,NA,NA,NA,"Both sexes physical trait","physical trait"
"Passeriformes","Motacillidae (Wagtails and Pipits)","Anthus spragueii","Sprague's Pipit","Person",NA,NA,"for Isaac Sprague","Person",NA,NA,NA,NA,NA,NA,NA,NA,NA,NA,NA,NA,NA,"Person","human"
"Charadriiformes","Charadriidae (Plovers and Lapwings)","Pluvialis dominica","American Golden-Plover","Both sexes physical trait",NA,NA,NA,"Geographic Location",NA,NA,NA,"Geographic Location",NA,NA,"Geographic Location",NA,NA,"Geographic Location",NA,NA,NA,"Geographic Location","natural history"
"Charadriiformes","Charadriidae (Plovers and Lapwings)","Pluvialis squatarola","Black-bellied Plover","Both sexes physical trait",NA,NA,NA,"Male physical trait",NA,NA,NA,"Both sexes physical trait",NA,NA,"Male physical trait",NA,"Female has brown belly (non-breeding adults white bellies with some brown streaks)","Both sexes physical trait",NA,NA,"Both sexes physical trait","Both sexes physical trait","physical trait"
"Charadriiformes","Charadriidae (Plovers and Lapwings)","Charadrius montanus","Mountain Plover","Life History",NA,NA,"breeds in alpine tundra","Life History",NA,NA,NA,NA,NA,NA,NA,NA,NA,NA,NA,NA,NA,"Natural History","natural history"
"Charadriiformes","Charadriidae (Plovers and Lapwings)","Charadrius melodus","Piping Plover","Behavior",NA,"https://en.wikipedia.org/wiki/Piping_plover","bell-like whistles","Behavior",NA,NA,NA,NA,NA,NA,NA,NA,NA,NA,NA,NA,NA,"Behavior","natural history"
"Charadriiformes","Charadriidae (Plovers and Lapwings)","Charadrius semipalmatus","Semipalmated Plover","Both sexes physical trait",NA,NA,"paritally webbed feet","Both sexes physical trait",NA,NA,NA,NA,NA,NA,NA,NA,NA,NA,NA,NA,NA,"Both sexes physical trait","physical trait"
"Charadriiformes","Charadriidae (Plovers and Lapwings)","Charadrius nivosus","Snowy Plover","Both sexes physical trait",NA,NA,NA,"Both sexes physical trait",NA,NA,NA,NA,NA,NA,NA,NA,NA,NA,NA,NA,NA,"Both sexes physical trait","physical trait"
"Charadriiformes","Charadriidae (Plovers and Lapwings)","Charadrius wilsonia","Wilson's Plover","Person",NA,NA,"Alexander WIlson","Person",NA,NA,NA,NA,NA,NA,NA,NA,NA,NA,NA,NA,NA,"Person","human"
"Galliformes","Phasianidae (Pheasants, Grouse, and Allies)","Lagopus muta","Rock Ptarmigan","Life History",NA,NA,"associated with habitat type","Both sexes physical trait",NA,NA,NA,"Natural History",NA,NA,"Natural History",NA,"habitat","Natural History",NA,NA,NA,"Natural History","natural history"
"Galliformes","Phasianidae (Pheasants, Grouse, and Allies)","Lagopus leucura","White-tailed Ptarmigan","Both sexes physical trait",NA,NA,NA,"Both sexes physical trait",NA,NA,NA,NA,NA,NA,NA,NA,NA,NA,NA,NA,NA,"Both sexes physical trait","physical trait"
"Galliformes","Phasianidae (Pheasants, Grouse, and Allies)","Lagopus lagopus","Willow Ptarmigan","Life History",NA,NA,"associated with habitat type","Both sexes physical trait",NA,NA,NA,"Natural History",NA,NA,"Natural History",NA,"habitat","Natural History",NA,NA,NA,"Natural History","natural history"
"Charadriiformes","Alcidae (Auks, Murres, and Puffins)","Fratercula corniculata","Horned Puffin","Both sexes physical trait",NA,NA,NA,"Both sexes physical trait",NA,NA,NA,NA,NA,NA,NA,NA,NA,NA,NA,NA,NA,"Both sexes physical trait","physical trait"
"Charadriiformes","Alcidae (Auks, Murres, and Puffins)","Fratercula cirrhata","Tufted Puffin","Both sexes physical trait",NA,NA,NA,"Both sexes physical trait",NA,NA,NA,NA,NA,NA,NA,NA,NA,NA,NA,NA,NA,"Both sexes physical trait","physical trait"
"Gruiformes","Rallidae (Rails, Gallinules, and Coots)","Laterallus jamaicensis","Black Rail","Both sexes physical trait",NA,NA,NA,"Both sexes physical trait",NA,NA,NA,NA,NA,NA,NA,NA,NA,NA,NA,NA,NA,"Both sexes physical trait","physical trait"
"Gruiformes","Rallidae (Rails, Gallinules, and Coots)","Rallus crepitans","Clapper Rail","Behavior",NA,NA,NA,"Behavior",NA,NA,NA,NA,NA,NA,NA,NA,NA,NA,NA,NA,NA,"Behavior","natural history"
"Gruiformes","Rallidae (Rails, Gallinules, and Coots)","Rallus elegans","King Rail","Size",NA,"https://www.pgc.pa.gov/Wildlife/EndangeredandThreatened/Pages/KingRail.aspx",NA,"Behavior",NA,NA,NA,"Miscellaneous",NA,NA,"Miscellaneous",NA,NA,"Miscellaneous",NA,NA,NA,"Miscellaneous","human"
"Gruiformes","Rallidae (Rails, Gallinules, and Coots)","Rallus limicola","Virginia Rail","Geographic Location",NA,NA,NA,"Geographic Location",NA,NA,NA,NA,NA,NA,NA,NA,NA,NA,NA,NA,NA,"Geographic Location","natural history"
"Gruiformes","Rallidae (Rails, Gallinules, and Coots)","Coturnicops noveboracensis","Yellow Rail","Both sexes physical trait",NA,NA,NA,"Both sexes physical trait",NA,NA,NA,NA,NA,NA,NA,NA,NA,NA,NA,NA,NA,"Both sexes physical trait","physical trait"
"Passeriformes","Corvidae (Crows, Jays, and Magpies)","Corvus albicollis","White-necked Raven","Both sexes physical trait",NA,NA,NA,"Both sexes physical trait",NA,NA,NA,NA,NA,NA,NA,NA,NA,NA,NA,NA,NA,"Both sexes physical trait","physical trait"
"Anseriformes","Anatidae (Ducks, Geese, and Waterfowl)","Aythya americana","Redhead","Male physical trait",NA,NA,NA,"Male physical trait",NA,NA,NA,NA,NA,NA,NA,NA,NA,NA,NA,NA,NA,"Male physical trait","physical trait"
"Passeriformes","Parulidae (New World Warblers)","Setophaga ruticilla","American Redstart","Geographic Location","Male physical trait",NA,NA,"Geographic Location",NA,NA,NA,NA,NA,NA,NA,NA,NA,NA,NA,NA,NA,"Geographic Location","natural history"
"Passeriformes","Parulidae (New World Warblers)","Myioborus pictus","Painted Redstart","Both sexes physical trait",NA,NA,"refers to boldly patterned plumage","Both sexes physical trait",NA,NA,NA,NA,NA,NA,NA,NA,NA,NA,NA,NA,NA,"Both sexes physical trait","physical trait"
"Passeriformes","Turdidae (Thrushes and Allies)","Turdus migratorius","American Robin","Geographic Location",NA,NA,NA,"Geographic Location",NA,NA,NA,NA,NA,NA,NA,NA,NA,NA,NA,NA,NA,"Geographic Location","natural history"
"Charadriiformes","Scolopacidae (Sandpipers and Allies)","Calidris pugnax","Ruff","Male physical trait",NA,NA,NA,"Male physical trait",NA,NA,NA,NA,NA,NA,NA,NA,NA,NA,NA,NA,NA,"Male physical trait","physical trait"
"Charadriiformes","Scolopacidae (Sandpipers and Allies)","Calidris alba","Sanderling","Behavior",NA,NA,"OE ""sand-yr‚Äö√†√∂‚Äö√†√ªling"" = ""sand plowman"", referencing foraging behavior","Behavior",NA,"https://en.wikipedia.org/wiki/Sanderling",NA,NA,NA,NA,NA,NA,NA,NA,NA,NA,NA,"Behavior","natural history"
"Charadriiformes","Scolopacidae (Sandpipers and Allies)","Calidris bairdii","Baird's Sandpiper","Person",NA,NA,NA,"Person",NA,NA,NA,NA,NA,NA,NA,NA,NA,NA,NA,NA,NA,"Person","human"
"Charadriiformes","Scolopacidae (Sandpipers and Allies)","Calidris subruficollis","Buff-breasted Sandpiper","Both sexes physical trait",NA,NA,NA,"Both sexes physical trait",NA,NA,NA,NA,NA,NA,NA,NA,NA,NA,NA,NA,NA,"Both sexes physical trait","physical trait"
"Charadriiformes","Scolopacidae (Sandpipers and Allies)","Calidris ferruginea","Curlew Sandpiper","Both sexes physical trait",NA,NA,"curved beak","Both sexes physical trait",NA,NA,"Named after another bird",NA,NA,NA,NA,NA,NA,NA,NA,NA,NA,"Both sexes physical trait","physical trait"
"Charadriiformes","Scolopacidae (Sandpipers and Allies)","Tringa ochropus","Green Sandpiper","Both sexes physical trait",NA,"https://en.wikipedia.org/wiki/Green_sandpiper","dark green back, legs, and bill","Both sexes physical trait",NA,NA,"Not really green?",NA,NA,NA,NA,NA,NA,NA,NA,NA,NA,"Both sexes physical trait","physical trait"
"Charadriiformes","Scolopacidae (Sandpipers and Allies)","Calidris minutilla","Least Sandpiper","Size",NA,NA,NA,"Size",NA,NA,NA,NA,NA,NA,NA,NA,NA,NA,NA,NA,NA,"Size","physical trait"
"Charadriiformes","Scolopacidae (Sandpipers and Allies)","Calidris melanotos","Pectoral Sandpiper","Male physical trait",NA,"https://www.audubon.org/field-guide/bird/pectoral-sandpiper","male has inflatable air sac on chest","Male physical trait",NA,NA,"inflatable sac that males have",NA,NA,NA,NA,NA,NA,NA,NA,NA,NA,"Male physical trait","physical trait"
"Charadriiformes","Scolopacidae (Sandpipers and Allies)","Calidris maritima","Purple Sandpiper","Both sexes physical trait",NA,NA,"faint purple sheen in winter","Both sexes physical trait",NA,NA,NA,NA,NA,NA,NA,NA,NA,NA,NA,NA,NA,"Both sexes physical trait","physical trait"
"Charadriiformes","Scolopacidae (Sandpipers and Allies)","Calidris pusilla","Semipalmated Sandpiper","Both sexes physical trait",NA,NA,"partially webbed feet","Both sexes physical trait",NA,NA,NA,NA,NA,NA,NA,NA,NA,NA,NA,NA,NA,"Both sexes physical trait","physical trait"
"Charadriiformes","Scolopacidae (Sandpipers and Allies)","Calidris acuminata","Sharp-tailed Sandpiper","Both sexes physical trait",NA,NA,NA,"Both sexes physical trait",NA,NA,NA,NA,NA,NA,NA,NA,NA,NA,NA,NA,NA,"Both sexes physical trait","physical trait"
"Charadriiformes","Scolopacidae (Sandpipers and Allies)","Tringa solitaria","Solitary Sandpiper","Behavior",NA,NA,"solitary habits in migration","Behavior",NA,NA,"""Tendency of this species to remain alone or in small flocks during migration""",NA,NA,NA,NA,NA,NA,NA,NA,NA,NA,"Behavior","natural history"
"Charadriiformes","Scolopacidae (Sandpipers and Allies)","Actitis macularius","Spotted Sandpiper","Both sexes physical trait",NA,NA,"spotted when breeding","Both sexes physical trait",NA,NA,"Only breeding plumage",NA,NA,NA,NA,NA,NA,NA,NA,NA,NA,"Both sexes physical trait","physical trait"
"Charadriiformes","Scolopacidae (Sandpipers and Allies)","Calidris himantopus","Stilt Sandpiper","Both sexes physical trait",NA,NA,"named for long legs and resemblance to stilts","Both sexes physical trait",NA,NA,NA,NA,NA,NA,NA,NA,NA,NA,NA,NA,NA,"Both sexes physical trait","physical trait"
"Charadriiformes","Scolopacidae (Sandpipers and Allies)","Calidris mauri","Western Sandpiper","Geographic Location",NA,NA,NA,"Geographic Location",NA,NA,NA,NA,NA,NA,NA,NA,NA,NA,NA,NA,NA,"Geographic Location","natural history"
"Charadriiformes","Scolopacidae (Sandpipers and Allies)","Calidris fuscicollis","White-rumped Sandpiper","Both sexes physical trait",NA,NA,NA,"Both sexes physical trait",NA,NA,NA,NA,NA,NA,NA,NA,NA,NA,NA,NA,NA,"Both sexes physical trait","physical trait"
"Piciformes","Picidae (Woodpeckers)","Sphyrapicus ruber","Red-breasted Sapsucker","Both sexes physical trait",NA,NA,NA,"Both sexes physical trait",NA,NA,NA,NA,NA,NA,NA,NA,NA,NA,NA,NA,NA,"Both sexes physical trait","physical trait"
"Piciformes","Picidae (Woodpeckers)","Sphyrapicus thyroideus","Williamson's Sapsucker","Person",NA,NA,NA,"Person",NA,NA,NA,NA,NA,NA,NA,NA,NA,NA,NA,NA,NA,"Person","human"
"Piciformes","Picidae (Woodpeckers)","Sphyrapicus varius","Yellow-bellied Sapsucker","Both sexes physical trait",NA,NA,NA,"Both sexes physical trait",NA,NA,NA,NA,NA,NA,NA,NA,NA,NA,NA,NA,NA,"Both sexes physical trait","physical trait"
"Anseriformes","Anatidae (Ducks, Geese, and Waterfowl)","Melanitta perspicillata","Surf Scoter","Life History",NA,NA,NA,"Life History",NA,"https://ca.audubon.org/birds-0/surf-scoter",NA,NA,NA,NA,NA,NA,NA,NA,NA,NA,NA,"Natural History","natural history"
"Anseriformes","Anatidae (Ducks, Geese, and Waterfowl)","Melanitta fusca","Velvet Scoter","Male physical trait",NA,NA,NA,"Male physical trait",NA,NA,NA,NA,NA,NA,NA,NA,NA,NA,NA,NA,NA,"Male physical trait","physical trait"
"Anseriformes","Anatidae (Ducks, Geese, and Waterfowl)","Melanitta deglandi","White-winged Scoter","Both sexes physical trait",NA,NA,NA,"Both sexes physical trait",NA,NA,NA,NA,NA,NA,NA,NA,NA,NA,NA,NA,NA,"Both sexes physical trait","physical trait"
"Procellariiformes","Procellariidae (Shearwaters and Petrels)","Puffinus lherminieri","Audubon's Shearwater","Person",NA,"https://en.wikipedia.org/wiki/Audubon%27s_shearwater","Audubon's shearwater (Puffinus lherminieri) is a common tropical seabird in the petrel family. Sometimes known as the dusky-backed shearwater, the specific epithet honours the French naturalist F‚Äö√†√∂¬¨¬©lix Louis L'Herminier. off Cape Hatteras, North Carolina, USA.","Person",NA,NA,NA,NA,NA,NA,NA,NA,NA,NA,NA,NA,NA,"Person","human"
"Procellariiformes","Procellariidae (Shearwaters and Petrels)","Puffinus opisthomelas","Black-vented Shearwater","Both sexes physical trait",NA,NA,NA,"Both sexes physical trait",NA,NA,NA,NA,NA,NA,NA,NA,NA,NA,NA,NA,NA,"Both sexes physical trait","physical trait"
"Procellariiformes","Procellariidae (Shearwaters and Petrels)","Calonectris diomedea","Cory's Shearwater","Person",NA,NA,"Charles B. Cory","Person",NA,NA,NA,NA,NA,NA,NA,NA,NA,NA,NA,NA,NA,"Person","human"
"Procellariiformes","Procellariidae (Shearwaters and Petrels)","Puffinus puffinus","Manx Shearwater","Geographic Location",NA,NA,"Manx = of the Isle of Man","Geographic Location",NA,NA,NA,NA,NA,NA,NA,NA,NA,NA,NA,NA,NA,"Geographic Location","natural history"
"Procellariiformes","Procellariidae (Shearwaters and Petrels)","Ardenna creatopus","Pink-footed Shearwater","Both sexes physical trait",NA,NA,NA,"Both sexes physical trait",NA,NA,NA,NA,NA,NA,NA,NA,NA,NA,NA,NA,NA,"Both sexes physical trait","physical trait"
"Procellariiformes","Procellariidae (Shearwaters and Petrels)","Ardenna grisea","Sooty Shearwater","Both sexes physical trait",NA,NA,NA,"Both sexes physical trait",NA,NA,NA,NA,NA,NA,NA,NA,NA,NA,NA,NA,NA,"Both sexes physical trait","physical trait"
"Passeriformes","Laniidae (Shrikes)","Lanius ludovicianus","Loggerhead Shrike","Both sexes physical trait",NA,NA,"""loggerhead"" = ""block-headed"", refers to disproportionately large head","Both sexes physical trait",NA,NA,"I think that the females also have ""big heads"" but I'm not entirely sure",NA,NA,NA,NA,NA,NA,NA,NA,NA,NA,"Both sexes physical trait","physical trait"
"Passeriformes","Laniidae (Shrikes)","Lanius borealis","Northern Shrike","Geographic Location",NA,NA,NA,"Geographic Location",NA,NA,NA,NA,NA,NA,NA,NA,NA,NA,NA,NA,NA,"Geographic Location","natural history"
"Passeriformes","Fringillidae (Finches, Euphonias, and Allies)","Spinus pinus","Pine Siskin","Life History",NA,NA,NA,"Life History",NA,NA,NA,NA,NA,NA,NA,NA,NA,NA,NA,NA,NA,"Natural History","natural history"
"Charadriiformes","Laridae (Gulls, Terns, and Skimmers)","Rynchops niger","Black Skimmer","Both sexes physical trait",NA,NA,NA,"Both sexes physical trait",NA,NA,NA,NA,NA,NA,NA,NA,NA,NA,NA,NA,NA,"Both sexes physical trait","physical trait"
"Charadriiformes","Scolopacidae (Sandpipers and Allies)","Gallinago delicata","Wilson's Snipe","Person",NA,NA,"ornithologist Aleander Wilson","Person",NA,NA,"Alexander Wilson",NA,NA,NA,NA,NA,NA,NA,NA,NA,NA,"Person","human"
"Passeriformes","Turdidae (Thrushes and Allies)","Myadestes townsendi","Townsend's Solitaire","Person",NA,NA,"https://birdnamesforbirds.wordpress.com/historical-profiles/profiles-a-z/townsend-john-kirk/","Person",NA,NA,"John Kirk Townsend",NA,NA,NA,NA,NA,NA,NA,NA,NA,NA,"Person","human"
"Gruiformes","Rallidae (Rails, Gallinules, and Coots)","Porzana carolina","Sora","Local language",NA,"https://www.birdforum.net/threads/the-source-of-the-common-name-of-sora.412449/","believed to be from an Indigenous language (only standard common name in North America where that's the case) but unclear from which or what meaning. ""sore‚Äö√†√∂¬¨¬©"" is recorded in 1731 in Virginia. possibly onomatopoeic, from Cherokee? the switch from ""sore‚Äö√†√∂¬¨¬©"" to ""sora"" seems to have been a back-conformation of the word to Latin convention, where it was connected with L. ""sorus"" = ""smut"" (ie fungus) as a description of the dark plumage. linked thread references Driver and Bond 2021, where it's described as the only remaining Indigenous name in NA, as well as containing more direct exploration of the name.","Time limit",NA,"https://www.birdforum.net/threads/the-source-of-the-common-name-of-sora.412449/","some confusion and discussion on forums of different origins for the name","Local language","https://www.birdforum.net/threads/the-source-of-the-common-name-of-sora.412449/",NA,"Local language","https://www.birdforum.net/threads/the-source-of-the-common-name-of-sora.412449/","claimed as only common name in NA from an Indigenous language, possibly Cherokee","Local language","https://en.wikipedia.org/wiki/Sora_(bird)","The common name ""Sora"" is probably taken from a Native American language.",NA,"Local language","human"
"Passeriformes","Passerellidae (New World Sparrows)","Centronyx bairdii","Baird's Sparrow","Person",NA,NA,NA,"Person",NA,NA,"Spencer Fullerton Baird",NA,NA,NA,NA,NA,NA,NA,NA,NA,NA,"Person","human"
"Passeriformes","Passerellidae (New World Sparrows)","Artemisiospiza belli","Bell's Sparrow","Person",NA,NA,NA,"Person",NA,NA,"John Graham Bell",NA,NA,NA,NA,NA,NA,NA,NA,NA,NA,"Person","human"
"Passeriformes","Passerellidae (New World Sparrows)","Spizella atrogularis","Black-chinned Sparrow","Male physical trait",NA,NA,NA,"Male physical trait",NA,NA,NA,NA,NA,NA,NA,NA,NA,NA,NA,NA,NA,"Male physical trait","physical trait"
"Passeriformes","Passerellidae (New World Sparrows)","Amphispiza bilineata","Black-throated Sparrow","Both sexes physical trait",NA,NA,NA,"Both sexes physical trait",NA,NA,NA,NA,NA,NA,NA,NA,NA,NA,NA,NA,NA,"Both sexes physical trait","physical trait"
"Passeriformes","Passerellidae (New World Sparrows)","Spizella breweri","Brewer's Sparrow","Person",NA,NA,"Dr Thomas Mayo Brewer","Person",NA,NA,NA,NA,NA,NA,NA,NA,NA,NA,NA,NA,NA,"Person","human"
"Passeriformes","Passerellidae (New World Sparrows)","Peucaea cassinii","Cassin's Sparrow","Person",NA,NA,"John Cassin","Person",NA,NA,NA,NA,NA,NA,NA,NA,NA,NA,NA,NA,NA,"Person","human"
"Passeriformes","Passerellidae (New World Sparrows)","Spizella passerina","Chipping Sparrow","Behavior",NA,NA,NA,"Behavior",NA,NA,NA,NA,NA,NA,NA,NA,NA,NA,NA,NA,NA,"Behavior","natural history"
"Passeriformes","Passerellidae (New World Sparrows)","Spizella pallida","Clay-colored Sparrow","Both sexes physical trait",NA,NA,NA,"Both sexes physical trait",NA,NA,NA,NA,NA,NA,NA,NA,NA,NA,NA,NA,NA,"Both sexes physical trait","physical trait"
"Passeriformes","Passerellidae (New World Sparrows)","Spizella pusilla","Field Sparrow","Life History",NA,NA,NA,"Life History",NA,NA,NA,NA,NA,NA,NA,NA,NA,NA,NA,NA,NA,"Natural History","natural history"
"Passeriformes","Passerellidae (New World Sparrows)","Passerella iliaca","Fox Sparrow","Both sexes physical trait",NA,"BOW","Refers to fox as a color","Both sexes physical trait",NA,"https://www.audubon.org/field-guide/bird/fox-sparrow","""The bird's name refers to the bright foxy-red color of the most eastern and northern populations, but many Fox Sparrows in the West are predominantly gray or sooty brown.""",NA,NA,NA,NA,NA,NA,NA,NA,NA,NA,"Both sexes physical trait","physical trait"
"Passeriformes","Passerellidae (New World Sparrows)","Zonotrichia atricapilla","Golden-crowned Sparrow","Both sexes physical trait",NA,NA,NA,"Both sexes physical trait",NA,NA,NA,NA,NA,NA,NA,NA,NA,NA,NA,NA,NA,"Both sexes physical trait","physical trait"
"Passeriformes","Passerellidae (New World Sparrows)","Ammodramus savannarum","Grasshopper Sparrow","Behavior",NA,NA,"because of its grasshopper-like attempt at song‚Äö√Ñ√∂‚àö√ë‚àö√Üif song it can be called.","Behavior",NA,NA,NA,NA,NA,NA,NA,NA,NA,NA,NA,NA,NA,"Behavior","natural history"
"Passeriformes","Passerellidae (New World Sparrows)","Zonotrichia querula","Harris's Sparrow","Person",NA,NA,NA,"Person",NA,NA,"Edward Harris",NA,NA,NA,NA,NA,NA,NA,NA,NA,NA,"Person","human"
"Passeriformes","Passerellidae (New World Sparrows)","Centronyx henslowii","Henslow's Sparrow","Person",NA,NA,NA,"Person",NA,NA,"John Stevens Henslow",NA,NA,NA,NA,NA,NA,NA,NA,NA,NA,"Person","human"
"Passeriformes","Passerellidae (New World Sparrows)","Chondestes grammacus","Lark Sparrow","Behavior",NA,NA,"complex vocalizations","Behavior",NA,"https://www.birdzilla.com/birds/lark-sparrow/bent-life-history.html","This site quotes the Bent Life History account for the species as describing them singing while in flight. That plus the sound of the song is probably where the name came from, but I haven't confirmed that.",NA,NA,NA,NA,NA,NA,NA,NA,NA,NA,"Behavior","natural history"
"Passeriformes","Passerellidae (New World Sparrows)","Melospiza lincolnii","Lincoln's Sparrow","Person",NA,NA,NA,"Person",NA,NA,"Thomas Lincoln",NA,NA,NA,NA,NA,NA,NA,NA,NA,NA,"Person","human"
"Passeriformes","Passerellidae (New World Sparrows)","Aimophila ruficeps","Rufous-crowned Sparrow","Both sexes physical trait",NA,NA,NA,"Both sexes physical trait",NA,NA,NA,NA,NA,NA,NA,NA,NA,NA,NA,NA,NA,"Both sexes physical trait","physical trait"
"Passeriformes","Passerellidae (New World Sparrows)","Peucaea carpalis","Rufous-winged Sparrow","Both sexes physical trait",NA,NA,NA,"Both sexes physical trait",NA,NA,NA,NA,NA,NA,NA,NA,NA,NA,NA,NA,NA,"Both sexes physical trait","physical trait"
"Passeriformes","Passerellidae (New World Sparrows)","Ammospiza maritima","Seaside Sparrow","Life History",NA,NA,NA,"Life History",NA,NA,NA,NA,NA,NA,NA,NA,NA,NA,NA,NA,NA,"Natural History","natural history"
"Passeriformes","Passerellidae (New World Sparrows)","Melospiza melodia","Song Sparrow","Behavior",NA,NA,NA,"Behavior",NA,NA,NA,NA,NA,NA,NA,NA,NA,NA,NA,NA,NA,"Behavior","natural history"
"Passeriformes","Passerellidae (New World Sparrows)","Melospiza georgiana","Swamp Sparrow","Life History",NA,NA,NA,"Life History",NA,NA,NA,NA,NA,NA,NA,NA,NA,NA,NA,NA,NA,"Natural History","natural history"
"Passeriformes","Passerellidae (New World Sparrows)","Pooecetes gramineus","Vesper Sparrow","Random",NA,"BOW","Refers to evening prayer, given an early description of the song being especially pleasing in the evening","Behavior",NA,NA,"Burroughs described the tinkling song of the Vesper Sparrow as particularly sweet and splendid in the evening, resulting in the name ‚Äö√Ñ√∂‚àö√ë‚àö‚à´Vesper.‚Äö√Ñ√∂‚àö√ë‚àöœÄ","Behavior",NA,NA,"Behavior","BotW","vesper = evening; sparrow very active at dusk, later than others in it's range","Behavior","https://en.wikipedia.org/wiki/Vesper; BoW","Vesper means evening in Classical Latin. Singing after sun-set and at dusk is a common midsummer phenomenon.",NA,"Behavior","natural history"
"Passeriformes","Passerellidae (New World Sparrows)","Zonotrichia leucophrys","White-crowned Sparrow","Both sexes physical trait",NA,NA,NA,"Both sexes physical trait",NA,NA,NA,NA,NA,NA,NA,NA,NA,NA,NA,NA,NA,"Both sexes physical trait","physical trait"
"Passeriformes","Passerellidae (New World Sparrows)","Zonotrichia albicollis","White-throated Sparrow","Both sexes physical trait",NA,NA,NA,"Both sexes physical trait",NA,NA,NA,NA,NA,NA,NA,NA,NA,NA,NA,NA,NA,"Both sexes physical trait","physical trait"
"Passeriformes","Passerellidae (New World Sparrows)","Spizella wortheni","Worthen's Sparrow","Person",NA,NA,"Charles Kimball Worthen","Person",NA,NA,NA,NA,NA,NA,NA,NA,NA,NA,NA,NA,NA,"Person","human"
"Pelecaniformes","Threskiornithidae (Ibises and Spoonbills)","Platalea ajaja","Roseate Spoonbill","Both sexes physical trait",NA,NA,NA,"Both sexes physical trait",NA,NA,NA,NA,NA,NA,NA,NA,NA,NA,NA,NA,NA,"Both sexes physical trait","physical trait"
"Charadriiformes","Recurvirostridae (Stilts and Avocets)","Himantopus mexicanus","Black-necked Stilt","Both sexes physical trait",NA,NA,NA,"Both sexes physical trait",NA,NA,NA,NA,NA,NA,NA,NA,NA,NA,NA,NA,NA,"Both sexes physical trait","physical trait"
"Passeriformes","Hirundinidae (Swallows)","Riparia riparia","Bank Swallow","Life History",NA,NA,"nests on banks","Life History",NA,NA,NA,NA,NA,NA,NA,NA,NA,NA,NA,NA,NA,"Natural History","natural history"
"Passeriformes","Hirundinidae (Swallows)","Hirundo rustica","Barn Swallow","Life History",NA,NA,"associated with farms","Life History",NA,NA,NA,NA,NA,NA,NA,NA,NA,NA,NA,NA,NA,"Natural History","natural history"
"Passeriformes","Hirundinidae (Swallows)","Petrochelidon pyrrhonota","Cliff Swallow","Life History",NA,NA,NA,"Life History",NA,NA,NA,NA,NA,NA,NA,NA,NA,NA,NA,NA,NA,"Natural History","natural history"
"Passeriformes","Hirundinidae (Swallows)","Tachycineta bicolor","Tree Swallow","Life History",NA,NA,NA,"Life History",NA,NA,"only uses trees for nesting; lives in various places",NA,NA,NA,NA,NA,NA,NA,NA,NA,NA,"Natural History","natural history"
"Passeriformes","Hirundinidae (Swallows)","Tachycineta thalassina","Violet-green Swallow","Both sexes physical trait",NA,"BOW","Definitive Basic aspect in female similar but not so brilliant in color","Both sexes physical trait",NA,NA,NA,NA,NA,NA,NA,NA,NA,NA,NA,NA,NA,"Both sexes physical trait","physical trait"
"Anseriformes","Anatidae (Ducks, Geese, and Waterfowl)","Cygnus buccinator","Trumpeter Swan","Behavior",NA,NA,NA,"Behavior",NA,NA,NA,NA,NA,NA,NA,NA,NA,NA,NA,NA,NA,"Behavior","natural history"
"Caprimulgiformes","Apodidae (Swifts)","Cypseloides niger","Black Swift","Both sexes physical trait",NA,NA,NA,"Both sexes physical trait",NA,NA,NA,NA,NA,NA,NA,NA,NA,NA,NA,NA,NA,"Both sexes physical trait","physical trait"
"Caprimulgiformes","Apodidae (Swifts)","Chaetura pelagica","Chimney Swift","Life History",NA,NA,NA,"Behavior",NA,NA,NA,"Natural History","https://www.sirventcharlotte.com/blog/2019/june/how-did-the-chimney-swift-get-its-name-/","""Chimney swifts were given their name based on the fact that they are notorious for building nests in people‚Äö√Ñ√¥s chimneys. ""","Natural History",NA,"nests in cavities including chimneys","Natural History",NA,NA,NA,"Natural History","natural history"
"Caprimulgiformes","Apodidae (Swifts)","Chaetura vauxi","Vaux's Swift","Person",NA,NA,"William Sansom Vaux","Person",NA,NA,NA,NA,NA,NA,NA,NA,NA,NA,NA,NA,NA,"Person","human"
"Caprimulgiformes","Apodidae (Swifts)","Aeronautes saxatalis","White-throated Swift","Both sexes physical trait",NA,NA,NA,"Both sexes physical trait",NA,NA,NA,NA,NA,NA,NA,NA,NA,NA,NA,NA,NA,"Both sexes physical trait","physical trait"
"Passeriformes","Cardinalidae (Cardinals and Allies)","Piranga flava","Hepatic Tanager","Male physical trait",NA,NA,NA,"Male physical trait",NA,NA,NA,NA,NA,NA,NA,NA,NA,NA,NA,NA,NA,"Male physical trait","physical trait"
"Passeriformes","Cardinalidae (Cardinals and Allies)","Piranga olivacea","Scarlet Tanager","Male physical trait",NA,NA,NA,"Male physical trait",NA,NA,NA,NA,NA,NA,NA,NA,NA,NA,NA,NA,NA,"Male physical trait","physical trait"
"Passeriformes","Cardinalidae (Cardinals and Allies)","Piranga rubra","Summer Tanager","Life History",NA,NA,NA,"Life History",NA,NA,"I assume this is based on its heralding summer or similar, but I haven't found confirmation",NA,NA,NA,NA,NA,NA,NA,NA,NA,NA,"Natural History","natural history"
"Anseriformes","Anatidae (Ducks, Geese, and Waterfowl)","Spatula discors","Blue-winged Teal","Female physical trait",NA,NA,NA,"Both sexes physical trait",NA,NA,NA,"Both sexes physical trait",NA,NA,"Both sexes physical trait","BOTW",NA,"Both sexes physical trait",NA,NA,NA,"Both sexes physical trait","physical trait"
"Anseriformes","Anatidae (Ducks, Geese, and Waterfowl)","Spatula cyanoptera","Cinnamon Teal","Male physical trait",NA,NA,"Dimorphic in size","Male physical trait",NA,NA,NA,NA,NA,NA,NA,NA,NA,NA,NA,NA,NA,"Male physical trait","physical trait"
"Anseriformes","Anatidae (Ducks, Geese, and Waterfowl)","Anas crecca","Green-winged Teal","Female physical trait",NA,NA,NA,"Both sexes physical trait",NA,NA,NA,"Both sexes physical trait",NA,NA,"Both sexes physical trait","BOTW","refers to speculum, present in both","Both sexes physical trait",NA,NA,NA,"Both sexes physical trait","physical trait"
"Charadriiformes","Laridae (Gulls, Terns, and Skimmers)","Onychoprion aleuticus","Aleutian Tern","Geographic Location",NA,NA,NA,"Geographic Location",NA,NA,NA,NA,NA,NA,NA,NA,NA,NA,NA,NA,NA,"Geographic Location","natural history"
"Charadriiformes","Laridae (Gulls, Terns, and Skimmers)","Sterna paradisaea","Arctic Tern","Geographic Location",NA,NA,NA,"Geographic Location",NA,NA,NA,NA,NA,NA,NA,NA,NA,NA,NA,NA,NA,"Geographic Location","natural history"
"Charadriiformes","Laridae (Gulls, Terns, and Skimmers)","Chlidonias niger","Black Tern","Both sexes physical trait",NA,NA,NA,"Male physical trait",NA,"BotW","Female is more gray overall. If naming bird based on female would probably not call it a 'Black tern'","Both sexes physical trait","BOTW","""Females not reliably identified by duller black underparts, even in hand""","Both sexes physical trait",NA,"black head in certain morphs","Both sexes physical trait",NA,NA,NA,"Both sexes physical trait","physical trait"
"Charadriiformes","Laridae (Gulls, Terns, and Skimmers)","Onychoprion anaethetus","Bridled Tern","Both sexes physical trait",NA,NA,NA,"Both sexes physical trait",NA,NA,"Perhaps referring to the dark mantle (constrasting the white underparts)",NA,NA,NA,NA,NA,NA,NA,NA,NA,NA,"Both sexes physical trait","physical trait"
"Charadriiformes","Laridae (Gulls, Terns, and Skimmers)","Hydroprogne caspia","Caspian Tern","Geographic Location",NA,NA,NA,"Geographic Location",NA,NA,NA,NA,NA,NA,NA,NA,NA,NA,NA,NA,NA,"Geographic Location","natural history"
"Charadriiformes","Laridae (Gulls, Terns, and Skimmers)","Sterna hirundo","Common Tern","General Descriptor",NA,NA,NA,"General Descriptor",NA,NA,NA,NA,NA,NA,NA,NA,NA,NA,NA,NA,NA,"Miscellaneous","human"
"Charadriiformes","Laridae (Gulls, Terns, and Skimmers)","Thalasseus elegans","Elegant Tern","General Descriptor",NA,NA,NA,"General Descriptor",NA,NA,NA,NA,NA,NA,NA,NA,NA,NA,NA,NA,NA,"Miscellaneous","human"
"Charadriiformes","Laridae (Gulls, Terns, and Skimmers)","Sterna forsteri","Forster's Tern","Person",NA,NA,NA,"Person",NA,NA,"Johann Reinhold Forster",NA,NA,NA,NA,NA,NA,NA,NA,NA,NA,"Person","human"
"Charadriiformes","Laridae (Gulls, Terns, and Skimmers)","Gelochelidon nilotica","Gull-billed Tern","Both sexes physical trait",NA,NA,NA,"Both sexes physical trait",NA,NA,NA,NA,NA,NA,NA,NA,NA,NA,NA,NA,NA,"Both sexes physical trait","physical trait"
"Charadriiformes","Laridae (Gulls, Terns, and Skimmers)","Sternula antillarum","Least Tern","Size",NA,NA,NA,"Size",NA,NA,"""New World"" small tern",NA,NA,NA,NA,NA,NA,NA,NA,NA,NA,"Size","physical trait"
"Charadriiformes","Laridae (Gulls, Terns, and Skimmers)","Sterna dougallii","Roseate Tern","Both sexes physical trait",NA,NA,NA,"Both sexes physical trait",NA,NA,NA,NA,NA,NA,NA,NA,NA,NA,NA,NA,NA,"Both sexes physical trait","physical trait"
"Charadriiformes","Laridae (Gulls, Terns, and Skimmers)","Thalasseus maximus","Royal Tern","General Descriptor",NA,NA,NA,"General Descriptor",NA,NA,NA,NA,NA,NA,NA,NA,NA,NA,NA,NA,NA,"Miscellaneous","human"
"Charadriiformes","Laridae (Gulls, Terns, and Skimmers)","Onychoprion fuscatus","Sooty Tern","Both sexes physical trait",NA,NA,NA,"Both sexes physical trait",NA,NA,NA,NA,NA,NA,NA,NA,NA,NA,NA,NA,NA,"Both sexes physical trait","physical trait"
"Passeriformes","Mimidae (Mockingbirds and Thrashers)","Toxostoma bendirei","Bendire's Thrasher","Person",NA,NA,"https://birdnamesforbirds.wordpress.com/historical-profiles/profiles-a-z/bendire-charles/","Person",NA,NA,NA,NA,NA,NA,NA,NA,NA,NA,NA,NA,NA,"Person","human"
"Passeriformes","Mimidae (Mockingbirds and Thrashers)","Toxostoma rufum","Brown Thrasher","Both sexes physical trait",NA,NA,NA,"Both sexes physical trait",NA,NA,NA,NA,NA,NA,NA,NA,NA,NA,NA,NA,NA,"Both sexes physical trait","physical trait"
"Passeriformes","Mimidae (Mockingbirds and Thrashers)","Toxostoma crissale","Crissal Thrasher","Both sexes physical trait",NA,NA,"""crissal"" = vent, refers to orangish wash under tail","Both sexes physical trait",NA,NA,"Crissal refers to vent/undertai covert area, which is rufous",NA,NA,NA,NA,NA,NA,NA,NA,NA,NA,"Both sexes physical trait","physical trait"
"Passeriformes","Mimidae (Mockingbirds and Thrashers)","Toxostoma curvirostre","Curve-billed Thrasher","Both sexes physical trait",NA,NA,NA,"Both sexes physical trait",NA,NA,NA,NA,NA,NA,NA,NA,NA,NA,NA,NA,NA,"Both sexes physical trait","physical trait"
"Passeriformes","Mimidae (Mockingbirds and Thrashers)","Toxostoma longirostre","Long-billed Thrasher","Both sexes physical trait",NA,NA,NA,"Both sexes physical trait",NA,NA,NA,NA,NA,NA,NA,NA,NA,NA,NA,NA,NA,"Both sexes physical trait","physical trait"
"Passeriformes","Mimidae (Mockingbirds and Thrashers)","Oreoscoptes montanus","Sage Thrasher","Life History",NA,NA,NA,"Life History",NA,NA,NA,NA,NA,NA,NA,NA,NA,NA,NA,NA,NA,"Natural History","natural history"
"Passeriformes","Turdidae (Thrushes and Allies)","Catharus minimus","Gray-cheeked Thrush","Both sexes physical trait",NA,NA,NA,"Both sexes physical trait",NA,NA,NA,NA,NA,NA,NA,NA,NA,NA,NA,NA,NA,"Both sexes physical trait","physical trait"
"Passeriformes","Turdidae (Thrushes and Allies)","Ixoreus naevius","Varied Thrush","Both sexes physical trait",NA,NA,NA,"Both sexes physical trait",NA,NA,NA,NA,NA,NA,NA,NA,NA,NA,NA,NA,NA,"Both sexes physical trait","physical trait"
"Passeriformes","Turdidae (Thrushes and Allies)","Hylocichla mustelina","Wood Thrush","Life History",NA,NA,NA,"Life History",NA,NA,"Lives in the woods",NA,NA,NA,NA,NA,NA,NA,NA,NA,NA,"Natural History","natural history"
"Passeriformes","Paridae (Tits, Chickadees, and Titmice)","Baeolophus atricristatus","Black-crested Titmouse","Both sexes physical trait",NA,NA,NA,"Both sexes physical trait",NA,NA,NA,NA,NA,NA,NA,NA,NA,NA,NA,NA,NA,"Both sexes physical trait","physical trait"
"Passeriformes","Paridae (Tits, Chickadees, and Titmice)","Baeolophus wollweberi","Bridled Titmouse","Both sexes physical trait",NA,NA,NA,"Both sexes physical trait",NA,NA,NA,NA,NA,NA,NA,NA,NA,NA,NA,NA,NA,"Both sexes physical trait","physical trait"
"Passeriformes","Paridae (Tits, Chickadees, and Titmice)","Baeolophus bicolor","Tufted Titmouse","Both sexes physical trait",NA,NA,NA,"Both sexes physical trait",NA,NA,NA,NA,NA,NA,NA,NA,NA,NA,NA,NA,NA,"Both sexes physical trait","physical trait"
"Passeriformes","Passerellidae (New World Sparrows)","Melozone aberti","Abert's Towhee","Person",NA,NA,NA,"Person",NA,NA,"James William Abert",NA,NA,NA,NA,NA,NA,NA,NA,NA,NA,"Person","human"
"Passeriformes","Passerellidae (New World Sparrows)","Pipilo chlorurus","Green-tailed Towhee","Both sexes physical trait",NA,NA,NA,"Both sexes physical trait",NA,NA,NA,NA,NA,NA,NA,NA,NA,NA,NA,NA,NA,"Both sexes physical trait","physical trait"
"Galliformes","Phasianidae (Pheasants, Grouse, and Allies)","Meleagris gallopavo","Wild Turkey","General Descriptor",NA,NA,NA,"General Descriptor",NA,NA,NA,NA,NA,NA,NA,NA,NA,NA,NA,NA,NA,"Miscellaneous","human"
"Charadriiformes","Scolopacidae (Sandpipers and Allies)","Arenaria melanocephala","Black Turnstone","Both sexes physical trait",NA,NA,NA,"Both sexes physical trait",NA,NA,NA,NA,NA,NA,NA,NA,NA,NA,NA,NA,NA,"Both sexes physical trait","physical trait"
"Passeriformes","Remizidae (Penduline-Tits)","Auriparus flaviceps","Verdin","Both sexes physical trait",NA,NA,"from French word for Yellowhammer, which it resembles","Time limit",NA,NA,"Only bird in genus Auriparus","Miscellaneous",NA,"""likely borrowed from a variant of French verdon, verdier in reference to the yellowish green hue""","Both sexes physical trait",NA,"from French name fo the superficially similar yellowhammer","Miscellaneous",NA,"Verdin translates to yellowhammer in French and serves both as a description of its head color and its foraging behavior (but I could see this being miscellaneous too)","Miscellaneous","Miscellaneous","human"
"Passeriformes","Vireonidae (Vireos, Shrike-Babblers, and Erpornis)","Vireo bellii","Bell's Vireo","Person",NA,NA,"Named after John Graham Bell","Person",NA,NA,"John Graham Bell",NA,NA,NA,NA,NA,NA,NA,NA,NA,NA,"Person","human"
"Passeriformes","Vireonidae (Vireos, Shrike-Babblers, and Erpornis)","Vireo atricapilla","Black-capped Vireo","Both sexes physical trait",NA,NA,"Borderline, female head is a mix of dark grey/black but i think if you handed me this bird I'd potentially still name it this even if you just gave me a female since its so contrasty to the body and white eyering and a non trivial percentage of females (based on photos) are pretty dark","Both sexes physical trait",NA,NA,"Females are more grayish",NA,NA,NA,NA,NA,NA,NA,NA,NA,NA,"Both sexes physical trait","physical trait"
"Passeriformes","Vireonidae (Vireos, Shrike-Babblers, and Erpornis)","Vireo altiloquus","Black-whiskered Vireo","Both sexes physical trait",NA,NA,NA,"Both sexes physical trait",NA,NA,NA,NA,NA,NA,NA,NA,NA,NA,NA,NA,NA,"Both sexes physical trait","physical trait"
"Passeriformes","Vireonidae (Vireos, Shrike-Babblers, and Erpornis)","Vireo solitarius","Blue-headed Vireo","Both sexes physical trait",NA,NA,NA,"Both sexes physical trait",NA,NA,NA,NA,NA,NA,NA,NA,NA,NA,NA,NA,NA,"Both sexes physical trait","physical trait"
"Passeriformes","Vireonidae (Vireos, Shrike-Babblers, and Erpornis)","Vireo vicinior","Gray Vireo","Both sexes physical trait",NA,NA,NA,"Both sexes physical trait",NA,NA,NA,NA,NA,NA,NA,NA,NA,NA,NA,NA,NA,"Both sexes physical trait","physical trait"
"Passeriformes","Vireonidae (Vireos, Shrike-Babblers, and Erpornis)","Vireo huttoni","Hutton's Vireo","Person",NA,NA,"A few potential Huttons","Person",NA,NA,"William Hutton",NA,NA,NA,NA,NA,NA,NA,NA,NA,NA,"Person","human"
"Passeriformes","Vireonidae (Vireos, Shrike-Babblers, and Erpornis)","Vireo philadelphicus","Philadelphia Vireo","Geographic Location",NA,NA,NA,"Geographic Location",NA,"HBW","Species described from a specimen collected there during migration, despite its rarity there",NA,NA,NA,NA,NA,NA,NA,NA,NA,NA,"Geographic Location","natural history"
"Passeriformes","Vireonidae (Vireos, Shrike-Babblers, and Erpornis)","Vireo olivaceus","Red-eyed Vireo","Both sexes physical trait",NA,NA,NA,"Both sexes physical trait",NA,NA,NA,NA,NA,NA,NA,NA,NA,NA,NA,NA,NA,"Both sexes physical trait","physical trait"
"Passeriformes","Vireonidae (Vireos, Shrike-Babblers, and Erpornis)","Vireo gilvus","Warbling Vireo","Behavior",NA,NA,"song","Behavior",NA,NA,NA,NA,NA,NA,NA,NA,NA,NA,NA,NA,NA,"Behavior","natural history"
"Passeriformes","Vireonidae (Vireos, Shrike-Babblers, and Erpornis)","Vireo griseus","White-eyed Vireo","Both sexes physical trait",NA,NA,NA,"Both sexes physical trait",NA,NA,NA,NA,NA,NA,NA,NA,NA,NA,NA,NA,NA,"Both sexes physical trait","physical trait"
"Passeriformes","Vireonidae (Vireos, Shrike-Babblers, and Erpornis)","Vireo flavoviridis","Yellow-green Vireo","Both sexes physical trait",NA,NA,NA,"Both sexes physical trait",NA,NA,NA,NA,NA,NA,NA,NA,NA,NA,NA,NA,NA,"Both sexes physical trait","physical trait"
"Passeriformes","Vireonidae (Vireos, Shrike-Babblers, and Erpornis)","Vireo flavifrons","Yellow-throated Vireo","Both sexes physical trait",NA,NA,NA,"Both sexes physical trait",NA,NA,NA,NA,NA,NA,NA,NA,NA,NA,NA,NA,NA,"Both sexes physical trait","physical trait"
"Cathartiformes","Cathartidae (New World Vultures)","Coragyps atratus","Black Vulture","Both sexes physical trait",NA,NA,NA,"Both sexes physical trait",NA,NA,NA,NA,NA,NA,NA,NA,NA,NA,NA,NA,NA,"Both sexes physical trait","physical trait"
"Cathartiformes","Cathartidae (New World Vultures)","Sarcoramphus papa","King Vulture","General Descriptor",NA,NA,NA,"General Descriptor",NA,NA,NA,NA,NA,NA,NA,NA,NA,NA,NA,NA,NA,"Miscellaneous","human"
"Cathartiformes","Cathartidae (New World Vultures)","Cathartes aura","Turkey Vulture","Both sexes physical trait",NA,NA,NA,"Both sexes physical trait",NA,NA,NA,NA,NA,NA,NA,NA,NA,NA,NA,NA,NA,"Both sexes physical trait","physical trait"
"Passeriformes","Motacillidae (Wagtails and Pipits)","Motacilla alba","White Wagtail","Both sexes physical trait",NA,NA,NA,"Both sexes physical trait",NA,NA,"it is REALLY not that white. sexes similar?",NA,NA,NA,NA,NA,NA,NA,NA,NA,NA,"Both sexes physical trait","physical trait"
"Passeriformes","Parulidae (New World Warblers)","Vermivora bachmanii","Bachman's Warbler","Person",NA,"Named after Revd. Dr John Bachman",NA,"Person",NA,NA,"John Bachman",NA,NA,NA,NA,NA,NA,NA,NA,NA,NA,"Person","human"
"Passeriformes","Parulidae (New World Warblers)","Setophaga castanea","Bay-breasted Warbler","Male physical trait",NA,NA,NA,"Male physical trait",NA,NA,NA,NA,NA,NA,NA,NA,NA,NA,NA,NA,NA,"Male physical trait","physical trait"
"Passeriformes","Parulidae (New World Warblers)","Setophaga caerulescens","Black-throated Blue Warbler","Male physical trait",NA,NA,NA,"Male physical trait",NA,NA,NA,NA,NA,NA,NA,NA,NA,NA,NA,NA,NA,"Male physical trait","physical trait"
"Passeriformes","Parulidae (New World Warblers)","Setophaga nigrescens","Black-throated Gray Warbler","Male physical trait",NA,NA,NA,"Male physical trait","Both sexes physical trait",NA,NA,NA,NA,NA,NA,NA,NA,NA,NA,NA,NA,"Male physical trait","physical trait"
"Passeriformes","Parulidae (New World Warblers)","Setophaga virens","Black-throated Green Warbler","Male physical trait",NA,NA,NA,"Male physical trait","Both sexes physical trait",NA,NA,NA,NA,NA,NA,NA,NA,NA,NA,NA,NA,"Male physical trait","physical trait"
"Passeriformes","Parulidae (New World Warblers)","Vermivora cyanoptera","Blue-winged Warbler","Both sexes physical trait",NA,NA,NA,"Both sexes physical trait",NA,NA,"Female duller than male",NA,NA,NA,NA,NA,NA,NA,NA,NA,NA,"Both sexes physical trait","physical trait"
"Passeriformes","Parulidae (New World Warblers)","Setophaga tigrina","Cape May Warbler","Geographic Location",NA,NA,NA,"Geographic Location",NA,NA,"First described",NA,NA,NA,NA,NA,NA,NA,NA,NA,NA,"Geographic Location","natural history"
"Passeriformes","Parulidae (New World Warblers)","Setophaga cerulea","Cerulean Warbler","Male physical trait",NA,NA,NA,"Male physical trait",NA,NA,NA,NA,NA,NA,NA,NA,NA,NA,NA,NA,NA,"Male physical trait","physical trait"
"Passeriformes","Parulidae (New World Warblers)","Setophaga pensylvanica","Chestnut-sided Warbler","Both sexes physical trait",NA,NA,NA,"Both sexes physical trait",NA,NA,NA,NA,NA,NA,NA,NA,NA,NA,NA,NA,NA,"Both sexes physical trait","physical trait"
"Passeriformes","Parulidae (New World Warblers)","Oporornis agilis","Connecticut Warbler","Geographic Location",NA,NA,"named for collecting location","Geographic Location",NA,NA,"Named from migrant specimen",NA,NA,NA,NA,NA,NA,NA,NA,NA,NA,"Geographic Location","natural history"
"Passeriformes","Parulidae (New World Warblers)","Setophaga chrysoparia","Golden-cheeked Warbler","Both sexes physical trait",NA,NA,NA,"Both sexes physical trait",NA,NA,NA,NA,NA,NA,NA,NA,NA,NA,NA,NA,NA,"Both sexes physical trait","physical trait"
"Passeriformes","Parulidae (New World Warblers)","Vermivora chrysoptera","Golden-winged Warbler","Both sexes physical trait",NA,NA,NA,"Both sexes physical trait",NA,NA,"Female duller than male",NA,NA,NA,NA,NA,NA,NA,NA,NA,NA,"Both sexes physical trait","physical trait"
"Passeriformes","Parulidae (New World Warblers)","Setophaga graciae","Grace's Warbler","Person",NA,NA,NA,"Person",NA,NA,NA,NA,NA,NA,NA,NA,NA,NA,NA,NA,NA,"Person","human"
"Passeriformes","Parulidae (New World Warblers)","Setophaga occidentalis","Hermit Warbler","Behavior",NA,NA,"BotW says it was named for secretive behavior","Behavior",NA,NA,NA,NA,NA,NA,NA,NA,NA,NA,NA,NA,NA,"Behavior","natural history"
"Passeriformes","Parulidae (New World Warblers)","Setophaga citrina","Hooded Warbler","Male physical trait",NA,NA,NA,"Male physical trait",NA,NA,NA,NA,NA,NA,NA,NA,NA,NA,NA,NA,NA,"Male physical trait","physical trait"
"Passeriformes","Parulidae (New World Warblers)","Geothlypis formosa","Kentucky Warbler","Geographic Location",NA,NA,NA,"Geographic Location",NA,NA,NA,NA,NA,NA,NA,NA,NA,NA,NA,NA,NA,"Geographic Location","natural history"
"Passeriformes","Parulidae (New World Warblers)","Setophaga kirtlandii","Kirtland's Warbler","Person",NA,NA,"Named after Dr Jared Potter Kirtland","Person",NA,NA,"Jared P. Kirtland",NA,NA,NA,NA,NA,NA,NA,NA,NA,NA,"Person","human"
"Passeriformes","Parulidae (New World Warblers)","Leiothlypis luciae","Lucy's Warbler","Person",NA,NA,NA,"Person",NA,NA,NA,NA,NA,NA,NA,NA,NA,NA,NA,NA,NA,"Person","human"
"Passeriformes","Parulidae (New World Warblers)","Setophaga magnolia","Magnolia Warbler","Life History",NA,NA,"collected in magnolia tree, even though it doesn't actually breed or anything in them, being a boreal breeding bird","Life History",NA,NA,"Life history or behavior? First collected foraging in a magnolia, but this seems like less of a clear connection than something like a pine warbler which is really pine-associated. Still, I went with life history.",NA,NA,NA,NA,NA,NA,NA,NA,NA,NA,"Natural History","natural history"
"Passeriformes","Parulidae (New World Warblers)","Geothlypis philadelphia","Mourning Warbler","Male physical trait",NA,NA,"named for male's hood, reminiscent of a mourning veil","Male physical trait",NA,"https://en.wikipedia.org/wiki/Mourning_warbler","The ""mourning"" in this bird's name refers to the male's hood, thought to resemble a mourning veil.",NA,NA,NA,NA,NA,NA,NA,NA,NA,NA,"Male physical trait","physical trait"
"Passeriformes","Parulidae (New World Warblers)","Leiothlypis ruficapilla","Nashville Warbler","Geographic Location",NA,NA,"named for where Wilson saw it","Geographic Location",NA,NA,NA,NA,NA,NA,NA,NA,NA,NA,NA,NA,NA,"Geographic Location","natural history"
"Passeriformes","Peucedramidae (Olive Warbler)","Peucedramus taeniatus","Olive Warbler","Female physical trait",NA,NA,"neither the male or female look very olive to me so this name is a bit confusing. The scientific name means head band and the female has a color that could be olive on her head so I am going with female physical trait.","Both sexes physical trait",NA,NA,"Male breeding plumage lacks olive head, but alternate, immature, and female plumages olive","Time limit",NA,"Any reference to the Olive name","Both sexes physical trait",NA,"olive wing feathers","Female physical trait",NA,NA,"Both sexes physical trait","Both sexes physical trait","physical trait"
"Passeriformes","Parulidae (New World Warblers)","Leiothlypis celata","Orange-crowned Warbler","Male physical trait",NA,NA,"female can have orange crown but not always","Male physical trait",NA,NA,NA,NA,NA,NA,NA,NA,NA,NA,NA,NA,NA,"Male physical trait","physical trait"
"Passeriformes","Parulidae (New World Warblers)","Setophaga palmarum","Palm Warbler","Life History",NA,NA,"for wintering habitat","Life History",NA,NA,NA,NA,NA,NA,NA,NA,NA,NA,NA,NA,NA,"Natural History","natural history"
"Passeriformes","Parulidae (New World Warblers)","Setophaga pinus","Pine Warbler","Life History",NA,NA,NA,"Life History",NA,NA,NA,NA,NA,NA,NA,NA,NA,NA,NA,NA,NA,"Natural History","natural history"
"Passeriformes","Parulidae (New World Warblers)","Setophaga discolor","Prairie Warbler","Life History",NA,NA,"breeding habitat","Life History",NA,NA,NA,NA,NA,NA,NA,NA,NA,NA,NA,NA,NA,"Natural History","natural history"
"Passeriformes","Parulidae (New World Warblers)","Protonotaria citrea","Prothonotary Warbler","Both sexes physical trait",NA,"The species was named for its plumage, which resembles the bright yellow robes of papal clerks (prothonotaries) in the Roman Catholic church.",NA,"Both sexes physical trait",NA,NA,"resembles yellow cloacks of prothonotaries",NA,NA,NA,NA,NA,NA,NA,NA,NA,NA,"Both sexes physical trait","physical trait"
"Passeriformes","Parulidae (New World Warblers)","Cardellina rubra","Red Warbler","Both sexes physical trait",NA,NA,NA,"Both sexes physical trait",NA,NA,"Female can be slightly duller, more orange.",NA,NA,NA,NA,NA,NA,NA,NA,NA,NA,"Both sexes physical trait","physical trait"
"Passeriformes","Parulidae (New World Warblers)","Cardellina rubrifrons","Red-faced Warbler","Both sexes physical trait",NA,NA,NA,"Both sexes physical trait",NA,NA,"Female face can be dark orange or ""flame scarlet"" rather than red.",NA,NA,NA,NA,NA,NA,NA,NA,NA,NA,"Both sexes physical trait","physical trait"
"Passeriformes","Parulidae (New World Warblers)","Limnothlypis swainsonii","Swainson's Warbler","Person",NA,"Named after William Swainson",NA,"Person",NA,NA,NA,NA,NA,NA,NA,NA,NA,NA,NA,NA,NA,"Person","human"
"Passeriformes","Parulidae (New World Warblers)","Leiothlypis peregrina","Tennessee Warbler","Geographic Location",NA,NA,"named for collecting location","Geographic Location",NA,NA,"Named from migrant specimen",NA,NA,NA,NA,NA,NA,NA,NA,NA,NA,"Geographic Location","natural history"
"Passeriformes","Parulidae (New World Warblers)","Setophaga townsendi","Townsend's Warbler","Person",NA,NA,NA,"Person",NA,NA,NA,NA,NA,NA,NA,NA,NA,NA,NA,NA,NA,"Person","human"
"Passeriformes","Parulidae (New World Warblers)","Leiothlypis virginiae","Virginia's Warbler","Person",NA,NA,NA,"Person",NA,NA,"Virginia Anderson",NA,NA,NA,NA,NA,NA,NA,NA,NA,NA,"Person","human"
"Passeriformes","Parulidae (New World Warblers)","Cardellina pusilla","Wilson's Warbler","Person",NA,NA,"Alexander WIlson","Person",NA,NA,NA,NA,NA,NA,NA,NA,NA,NA,NA,NA,NA,"Person","human"
"Passeriformes","Parulidae (New World Warblers)","Helmitheros vermivorum","Worm-eating Warbler","Behavior",NA,NA,NA,"Behavior",NA,NA,NA,NA,NA,NA,NA,NA,NA,NA,NA,NA,NA,"Behavior","natural history"
"Passeriformes","Parulidae (New World Warblers)","Setophaga petechia","Yellow Warbler","Both sexes physical trait",NA,NA,NA,"Both sexes physical trait",NA,NA,NA,NA,NA,NA,NA,NA,NA,NA,NA,NA,NA,"Both sexes physical trait","physical trait"
"Passeriformes","Parulidae (New World Warblers)","Setophaga dominica","Yellow-throated Warbler","Both sexes physical trait",NA,NA,NA,"Both sexes physical trait",NA,NA,NA,NA,NA,NA,NA,NA,NA,NA,NA,NA,NA,"Both sexes physical trait","physical trait"
"Passeriformes","Parulidae (New World Warblers)","Parkesia motacilla","Louisiana Waterthrush","Geographic Location",NA,NA,NA,"Geographic Location",NA,NA,NA,NA,NA,NA,NA,NA,NA,NA,NA,NA,NA,"Geographic Location","natural history"
"Passeriformes","Bombycillidae (Waxwings)","Bombycilla garrulus","Bohemian Waxwing","Geographic Location",NA,NA,NA,"Behavior",NA,NA,"Nomadic in winter, could be Life history?","Miscellaneous",NA,NA,"Geographic Location","https://www.merriam-webster.com/dictionary/Bohemian%20waxwing","refers to Czech region of Bohemia. MW notes that while there is a widespread belief that it actually comes from the usage of Bohemian for Romani and refers to the birds migratory and irruptive habits, the use of Bohemian to refer to the bird pre-dates that usage, as the description of ""garrulus bohemicus"" dates back to 1555, while the latter use seems to date to the 18th-19th century","Behavior",NA,"BotW: ""Named for the nomadic ranging patterns of its winter flocks""","Behavior","Behavior","natural history"
"Passeriformes","Bombycillidae (Waxwings)","Bombycilla cedrorum","Cedar Waxwing","Life History",NA,NA,"habitat association- open woodland, which is often cedar","Life History",NA,NA,NA,NA,NA,NA,NA,NA,NA,NA,NA,NA,NA,"Natural History","natural history"
"Charadriiformes","Scolopacidae (Sandpipers and Allies)","Numenius phaeopus","Whimbrel","Behavior",NA,"https://en.wiktionary.org/wiki/whimbrel","Onomatopoeic- ""whimper"" + ""el""","Behavior",NA,"https://www.audubon.org/field-guide/bird/whimbrel",NA,NA,NA,NA,NA,NA,NA,NA,NA,NA,NA,"Behavior","natural history"
"Charadriiformes","Scolopacidae (Sandpipers and Allies)","Tringa semipalmata","Willet","Behavior",NA,NA,"named for ""pill-will-willet"" call","Behavior",NA,NA,"""pill-will-willet"" call",NA,NA,NA,NA,NA,NA,NA,NA,NA,NA,"Behavior","natural history"
"Charadriiformes","Scolopacidae (Sandpipers and Allies)","Scolopax minor","American Woodcock","Geographic Location",NA,NA,NA,"Geographic Location",NA,NA,NA,NA,NA,NA,NA,NA,NA,NA,NA,NA,NA,"Geographic Location","natural history"
"Piciformes","Picidae (Woodpeckers)","Picoides dorsalis","American Three-toed Woodpecker","Geographic Location",NA,NA,NA,"Geographic Location",NA,NA,NA,NA,NA,NA,NA,NA,NA,NA,NA,NA,NA,"Geographic Location","natural history"
"Piciformes","Picidae (Woodpeckers)","Dryobates pubescens","Downy Woodpecker","Size",NA,NA,"named relative to the Hairy Woodpecker- apparently bc it was smaller, Linnaeus thought ""downy"" was logical?","Both sexes physical trait",NA,NA,NA,"Both sexes physical trait",NA,NA,"Both sexes physical trait","BotW","""Downy"" a reference to the soft white feathers of the white stripe on the lower back, in contrast to the similar, but more hairlike feathers on the lower back of the Hairy Woodpecker","Both sexes physical trait",NA,NA,NA,"Both sexes physical trait","physical trait"
"Piciformes","Picidae (Woodpeckers)","Melanerpes uropygialis","Gila Woodpecker","Geographic Location",NA,NA,NA,"Person",NA,NA,NA,"Geographic Location",NA,NA,"Geographic Location",NA,NA,"Geographic Location",NA,NA,NA,"Geographic Location","natural history"
"Piciformes","Picidae (Woodpeckers)","Melanerpes aurifrons","Golden-fronted Woodpecker","Both sexes physical trait",NA,NA,NA,"Both sexes physical trait",NA,NA,NA,NA,NA,NA,NA,NA,NA,NA,NA,NA,NA,"Both sexes physical trait","physical trait"
"Piciformes","Picidae (Woodpeckers)","Dryobates villosus","Hairy Woodpecker","Both sexes physical trait",NA,"https://abcbirds.org/bird/hairy-woodpecker/","Hairy refers to the white feathers that run down the middle of the black back","Both sexes physical trait",NA,NA,NA,NA,NA,NA,NA,NA,NA,NA,NA,NA,NA,"Both sexes physical trait","physical trait"
"Piciformes","Picidae (Woodpeckers)","Campephilus principalis","Ivory-billed Woodpecker","Both sexes physical trait",NA,NA,NA,"Both sexes physical trait",NA,NA,NA,NA,NA,NA,NA,NA,NA,NA,NA,NA,NA,"Both sexes physical trait","physical trait"
"Piciformes","Picidae (Woodpeckers)","Melanerpes lewis","Lewis's Woodpecker","Person",NA,NA,NA,"Person",NA,NA,NA,NA,NA,NA,NA,NA,NA,NA,NA,NA,NA,"Person","human"
"Piciformes","Picidae (Woodpeckers)","Dryobates nuttallii","Nuttall's Woodpecker","Person",NA,"https://birdnamesforbirds.wordpress.com/historical-profiles/profiles-a-z/nuttall-thomas/","Thomas Nuttall, naturalist","Person",NA,NA,NA,NA,NA,NA,NA,NA,NA,NA,NA,NA,NA,"Person","human"
"Piciformes","Picidae (Woodpeckers)","Dryocopus pileatus","Pileated Woodpecker","Both sexes physical trait",NA,NA,NA,"Both sexes physical trait",NA,NA,"Pileated refers to large crest.",NA,NA,NA,NA,NA,NA,NA,NA,NA,NA,"Both sexes physical trait","physical trait"
"Piciformes","Picidae (Woodpeckers)","Melanerpes carolinus","Red-bellied Woodpecker","Both sexes physical trait",NA,NA,NA,"Both sexes physical trait",NA,NA,NA,NA,NA,NA,NA,NA,NA,NA,NA,NA,NA,"Both sexes physical trait","physical trait"
"Piciformes","Picidae (Woodpeckers)","Dryobates borealis","Red-cockaded Woodpecker","Male physical trait",NA,NA,"But red stripe is apparently very hard to see unless captured","Male physical trait",NA,NA,NA,NA,NA,NA,NA,NA,NA,NA,NA,NA,NA,"Male physical trait","physical trait"
"Piciformes","Picidae (Woodpeckers)","Melanerpes erythrocephalus","Red-headed Woodpecker","Both sexes physical trait",NA,NA,NA,"Both sexes physical trait",NA,NA,NA,NA,NA,NA,NA,NA,NA,NA,NA,NA,NA,"Both sexes physical trait","physical trait"
"Piciformes","Picidae (Woodpeckers)","Dryobates stricklandi","Strickland's Woodpecker","Person",NA,NA,NA,"Person",NA,NA,NA,NA,NA,NA,NA,NA,NA,NA,NA,NA,NA,"Person","human"
"Piciformes","Picidae (Woodpeckers)","Dryobates albolarvatus","White-headed Woodpecker","Both sexes physical trait",NA,NA,NA,"Both sexes physical trait",NA,NA,NA,NA,NA,NA,NA,NA,NA,NA,NA,NA,NA,"Both sexes physical trait","physical trait"
"Passeriformes","Troglodytidae (Wrens)","Thryomanes bewickii","Bewick's Wren","Person",NA,NA,"for Thomas Bewick","Person",NA,NA,NA,NA,NA,NA,NA,NA,NA,NA,NA,NA,NA,"Person","human"
"Passeriformes","Troglodytidae (Wrens)","Campylorhynchus brunneicapillus","Cactus Wren","Life History",NA,NA,"lives and nests in cacti","Life History",NA,NA,NA,NA,NA,NA,NA,NA,NA,NA,NA,NA,NA,"Natural History","natural history"
"Passeriformes","Troglodytidae (Wrens)","Thryothorus ludovicianus","Carolina Wren","Geographic Location",NA,NA,NA,"Geographic Location",NA,NA,NA,NA,NA,NA,NA,NA,NA,NA,NA,NA,NA,"Geographic Location","natural history"
"Passeriformes","Troglodytidae (Wrens)","Troglodytes aedon","House Wren","General Descriptor",NA,NA,"house as in ""common""","Life History",NA,NA,"Because of its association with humans","Miscellaneous",NA,NA,"Behavior",NA,"house refers to it's tendency to nest around human homes","Natural History",NA,NA,"Natural History","Natural History","natural history"
"Passeriformes","Troglodytidae (Wrens)","Salpinctes obsoletus","Rock Wren","Life History",NA,NA,"associated with rocky habitat","Life History",NA,NA,"Exposed rock habitats",NA,NA,NA,NA,NA,NA,NA,NA,NA,NA,"Natural History","natural history"
"Passeriformes","Troglodytidae (Wrens)","Troglodytes hiemalis","Winter Wren","Time limit",NA,"https://en.wikipedia.org/wiki/Winter_wren","origin of name unclear; potentially due to nestin in dark nooks in the winter?","Life History",NA,NA,"Overwinters in Eastern USA.","Miscellaneous",NA,NA,"Behavior",NA,"considered ""winter"" birds in the US, which it's name refers to","Natural History","https://en.wikipedia.org/wiki/Winter_wren","The specific epithet hiemalis is Latin and means ""of winter"".","Miscellaneous","Miscellaneous","human"
"Passeriformes","Sylviidae (Sylviid Warblers, Parrotbills, and Allies)","Chamaea fasciata","Wrentit","Behavior","Both sexes physical trait",NA,"Wren references melodic voice, tit overall appearance","Both sexes physical trait",NA,NA,NA,"Miscellaneous",NA,NA,"Both sexes physical trait","https://en.wikipedia.org/wiki/Wrentit","name refers to appearance similar to both wrens and tits","Both sexes physical trait",NA,NA,"Both sexes physical trait","Both sexes physical trait","physical trait"
"Charadriiformes","Scolopacidae (Sandpipers and Allies)","Tringa melanoleuca","Greater Yellowlegs","Size","Both sexes physical trait",NA,NA,"Size",NA,NA,NA,NA,NA,NA,NA,NA,NA,NA,NA,NA,NA,"Size","physical trait"
"Passeriformes","Parulidae (New World Warblers)","Geothlypis beldingi","Belding's Yellowthroat","Person",NA,NA,"Lyman Belding, ornithologist","Person",NA,NA,"Lyman Belding",NA,NA,NA,NA,NA,NA,NA,NA,NA,NA,"Person","human"
NA,NA,NA,"Paroquet Auklet","Both sexes physical trait",NA,"","dif. modern spelling -- ""Parakeet""","No Unique Identifier",NA,"https://www.merriam-webster.com/dictionary/paroquet ","Paroquet: ""variant spelling of parrakeet""",NA,NA,NA,NA,NA,NA,NA,NA,NA,NA,"Both sexes physical trait","physical trait"
NA,NA,NA,"Baldpate","Male physical trait",NA,"","now ""American Wigeon""","Male physical trait",NA,"https://www.merriam-webster.com/dictionary/baldpate ","Male specific physical trait: Male has white patch on head resembling baldness while female does not.",NA,NA,NA,NA,NA,NA,NA,NA,NA,NA,"Male physical trait","physical trait"
NA,NA,NA,"Surf Bird","Natural History",NA,"","","Natural History",NA,"https://www.merriam-webster.com/dictionary/surf ","refers to the swell of the sea that breaks upon the shore",NA,NA,NA,NA,NA,NA,NA,NA,NA,NA,"Natural History","natural history"
NA,NA,NA,"Yellow-billed Tropicbird","Both sexes physical trait",NA,"","now ""white-tailed tropicbird""","Both sexes physical trait",NA,"","Both sexes physical trait",NA,NA,NA,NA,NA,NA,NA,NA,NA,NA,"Both sexes physical trait","physical trait"
NA,NA,NA,"Bicolored Blackbird","Male physical trait",NA,"https://www.allaboutbirds.org/guide/Red-winged_Blackbird/id","sub-species of red-wing black bird","Male physical trait",NA,"","Male physical trait-- Through the female also has multiple colors they are just variant shades of brown, compared to the striking color of the male. ",NA,NA,NA,NA,NA,NA,NA,NA,NA,NA,"Male physical trait","physical trait"
NA,NA,NA,"Bluebird","No Unique Identifier",NA,"","","No Unique Identifier",NA,"","Bluebird is a genus of birds",NA,NA,NA,NA,NA,NA,NA,NA,NA,NA,"No Unique Identifier","human"
NA,NA,NA,"Red-spotted Bluethroat","Both sexes physical trait",NA,"","","Male physical trait",NA,"","Females lack blue throat and red spots",NA,NA,NA,NA,NA,NA,NA,NA,NA,NA,"Male physical trait","physical trait"
NA,NA,NA,"Bobwhite","No Unique Identifier",NA,"","","No Unique Identifier",NA,"","genus of birds",NA,NA,NA,NA,NA,NA,NA,NA,NA,NA,"No Unique Identifier","human"
NA,NA,NA,"Grayson's Bobwhite","Person",NA,"","subspecies of northern bob-white","Person",NA,"","",NA,NA,NA,NA,NA,NA,NA,NA,NA,NA,"Person","human"
NA,NA,NA,"Masked Bobwhite","Both sexes physical trait",NA,"https://www.fws.gov/species/masked-bobwhite-colinus-virginianus-ridgwayi","","Male physical trait",NA,"https://www.joelsartore.com/bir045-00121/ ","The male has a black mask and the hen has a cream colored face.",NA,NA,NA,NA,NA,NA,NA,NA,NA,NA,"Male physical trait","physical trait"
NA,NA,NA,"Booby","No Unique Identifier",NA,"","","No Unique Identifier",NA,"","genus of birds",NA,NA,NA,NA,NA,NA,NA,NA,NA,NA,"No Unique Identifier","human"
NA,NA,NA,"Blue-faced Booby","Both sexes physical trait",NA,"","now reffered to as ""masked booby""","Both sexes physical trait",NA,"","",NA,NA,NA,NA,NA,NA,NA,NA,NA,NA,"Both sexes physical trait","physical trait"
NA,NA,NA,"Black Brant","Both sexes physical trait",NA,"","","Both sexes physical trait",NA,"","John Cassin",NA,NA,NA,NA,NA,NA,NA,NA,NA,NA,"Both sexes physical trait","physical trait"
NA,NA,NA,"Cassin's Bullfinch","Person",NA,"","comes up as ""finch"" not ""bullfinch""","Person",NA,""," John Kirk Townsend",NA,NA,NA,NA,NA,NA,NA,NA,NA,NA,"Person","human"
NA,NA,NA,"Townsend's Bunting","Person",NA,"https://digitalcommons.usf.edu/cgi/viewcontent.cgi?article=6057&context=auk https://blog.aba.org/2014/09/open-mic-the-townsends-bunting-story.html","now considered as a rare color variant of a Dickcissel, not its own valid species","Person",NA,"","",NA,NA,NA,NA,NA,NA,NA,NA,NA,NA,"Person","human"
NA,NA,NA,"Black-eared Bushtit","Both sexes physical trait",NA,"https://www.nationalgeographic.com/animals/birds/facts/bushtit","now classified as a color varient of the common bushtit (due to interbredding with lead-colored bushtit, now just one species)","Both sexes physical trait",NA,"","Now a subspecies. Black ears more common in males",NA,NA,NA,NA,NA,NA,NA,NA,NA,NA,"Both sexes physical trait","physical trait"
NA,NA,NA,"Lead-colored Bushtit","Both sexes physical trait",NA,"https://txtbba.tamu.edu/species-accounts/bushtit/","now considered a color varient of common bushtit (due to interbreeding between lead-colored bushtit)","Both sexes physical trait",NA,"","",NA,NA,NA,NA,NA,NA,NA,NA,NA,NA,"Both sexes physical trait","physical trait"
NA,NA,NA,"European Buzzard","Geographic Location",NA,"","Either ""common buzzard"" or ""european honey buzzard""?","Geographic Location",NA,"","",NA,NA,NA,NA,NA,NA,NA,NA,NA,NA,"Geographic Location","natural history"
NA,NA,NA,"Canvas-back","Male physical trait",NA,"","","Male physical trait",NA,"https://www.ducks.org/hunting/waterfowl-id/canvasback ","",NA,NA,NA,NA,NA,NA,NA,NA,NA,NA,"Male physical trait","physical trait"
NA,NA,NA,"Audubon's Caracara","Person",NA,"","now reffered to as ""Crested Caracara""","Person",NA,"","",NA,NA,NA,NA,NA,NA,NA,NA,NA,NA,"Person","human"
NA,NA,NA,"Cardinal","No Unique Identifier",NA,"https://www.birdwatchersgeneralstore.com/how-the-cardinal-got-its-name/","","No Unique Identifier",NA,"","",NA,NA,NA,NA,NA,NA,NA,NA,NA,NA,"No Unique Identifier","human"
NA,NA,NA,"Texan Cardinal","Geographic Location",NA,"https://landmarkwildlife.com/northern-cardinals-in-texas/#:~:text=Abundance%20Across%20Texas,and%20adaptability%20across%20Texas%20landscapes.","now ""northern cardinal"" i believe","Geographic Location",NA,"","",NA,NA,NA,NA,NA,NA,NA,NA,NA,NA,"Geographic Location","natural history"
NA,NA,NA,"Catbird","No Unique Identifier",NA,"https://www.audubon.org/art/birds-america/cat-bird","after its bird-call","No Unique Identifier",NA,"","",NA,NA,NA,NA,NA,NA,NA,NA,NA,NA,"No Unique Identifier","human"
NA,NA,NA,"Chachalaca","No Unique Identifier",NA,"","after its bird-call","No Unique Identifier",NA,"","",NA,NA,NA,NA,NA,NA,NA,NA,NA,NA,"No Unique Identifier","human"
NA,NA,NA,"Chickadee","No Unique Identifier",NA,"","after its bird-call","No Unique Identifier",NA,"","",NA,NA,NA,NA,NA,NA,NA,NA,NA,NA,"No Unique Identifier","human"
NA,NA,NA,"Hudsonian Chickadee","Geographic Location",NA,"","now reffered to as ""boreal chickadee""","Geographic Location",NA,"","",NA,NA,NA,NA,NA,NA,NA,NA,NA,NA,"Geographic Location","natural history"
NA,NA,NA,"Siberian Chickadee","Geographic Location",NA,"","now reffered to as ""gray-headed chickadee""","Geographic Location",NA,"","",NA,NA,NA,NA,NA,NA,NA,NA,NA,NA,"Geographic Location","natural history"
NA,NA,NA,"European Coot","Geographic Location",NA,"","now reffered to as ""eurasian coot""","Geographic Location",NA,"","",NA,NA,NA,NA,NA,NA,NA,NA,NA,NA,"Geographic Location","natural history"
NA,NA,NA,"Cormorant","No Unique Identifier",NA,"","meaning ""sea raven"" in latin","Time limit",NA,"","",NA,NA,NA,NA,NA,NA,NA,NA,NA,NA,"No Unique Identifier","human"
NA,NA,NA,"Mexican Cormorant","Geographic Location",NA,"","now reffered to as ""neotropic cormorant""","Geographic Location",NA,"","",NA,NA,NA,NA,NA,NA,NA,NA,NA,NA,"Geographic Location","natural history"
NA,NA,NA,"Cowbird","No Unique Identifier",NA,"","after its tendancy to follow cattle","No Unique Identifier",NA,"","",NA,NA,NA,NA,NA,NA,NA,NA,NA,NA,"No Unique Identifier","human"
NA,NA,NA,"Little Brown Crane","Size",NA,"","","Both sexes physical trait",NA,"","",NA,NA,NA,NA,NA,NA,NA,NA,NA,NA,"Size","physical trait"
NA,NA,NA,"Bahama Honeycreeper","Geographic Location",NA,"","","Geographic Location",NA,"","",NA,NA,NA,NA,NA,NA,NA,NA,NA,NA,"Geographic Location","natural history"
NA,NA,NA,"American Crossbill","Geographic Location",NA,"","","Geographic Location",NA,"","",NA,NA,NA,NA,NA,NA,NA,NA,NA,NA,"Geographic Location","natural history"
NA,NA,NA,"Northwest Crow","Geographic Location",NA,"","","Geographic Location",NA,"","",NA,NA,NA,NA,NA,NA,NA,NA,NA,NA,"Geographic Location","natural history"
NA,NA,NA,"Hudsonian Curlew","Geographic Location",NA,"","","Geographic Location",NA,"","",NA,NA,NA,NA,NA,NA,NA,NA,NA,NA,"Geographic Location","natural history"
NA,NA,NA,"Ground Dove","Behavior",NA,"","","Natural History",NA,"","",NA,NA,NA,NA,NA,NA,NA,NA,NA,NA,"Natural History","natural history"
NA,NA,NA,"White-fronted Dove","Both sexes physical trait",NA,"","","Both sexes physical trait",NA,"","",NA,NA,NA,NA,NA,NA,NA,NA,NA,NA,"Both sexes physical trait","physical trait"
NA,NA,NA,"Dowitcher","No Unique Identifier",NA,"","","No Unique Identifier",NA,"","",NA,NA,NA,NA,NA,NA,NA,NA,NA,NA,"No Unique Identifier","human"
NA,NA,NA,"American Scaup Duck","Geographic Location",NA,"","","Geographic Location",NA,"","",NA,NA,NA,NA,NA,NA,NA,NA,NA,NA,"Geographic Location","natural history"
NA,NA,NA,"Black Duck","Both sexes physical trait",NA,"","","Both sexes physical trait",NA,"","",NA,NA,NA,NA,NA,NA,NA,NA,NA,NA,"Both sexes physical trait","physical trait"
NA,NA,NA,"Florida Duck","Geographic Location",NA,"","","Geographic Location",NA,"","",NA,NA,NA,NA,NA,NA,NA,NA,NA,NA,"Geographic Location","natural history"
NA,NA,NA,"Lesser Scaup Duck","Size",NA,"","","Size",NA,"","",NA,NA,NA,NA,NA,NA,NA,NA,NA,NA,"Size","physical trait"
NA,NA,NA,"Rufous-crested Duck","Male physical trait",NA,"","","Male physical trait",NA,"","",NA,NA,NA,NA,NA,NA,NA,NA,NA,NA,"Male physical trait","physical trait"
NA,NA,NA,"Steller's Duck","Person",NA,"","","Person",NA,"","",NA,NA,NA,NA,NA,NA,NA,NA,NA,NA,"Person","human"
NA,NA,NA,"Gray Sea Eagle","Both sexes physical trait",NA,"","","Both sexes physical trait",NA,"","",NA,NA,NA,NA,NA,NA,NA,NA,NA,NA,"Both sexes physical trait","physical trait"
NA,NA,NA,"American Egret","Geographic Location",NA,"","","Geographic Location",NA,"","",NA,NA,NA,NA,NA,NA,NA,NA,NA,NA,"Geographic Location","natural history"
NA,NA,NA,"Peale's Egret","Person",NA,"","","Person",NA,"https://dvoc.org/CassiniaOnLine/Cassinia19/C19_01_14.pdf","",NA,NA,NA,NA,NA,NA,NA,NA,NA,NA,"Person","human"
NA,NA,NA,"American Eider","Geographic Location",NA,"","","Geographic Location",NA,"","",NA,NA,NA,NA,NA,NA,NA,NA,NA,NA,"Geographic Location","natural history"
NA,NA,NA,"Eider","No Unique Identifier",NA,"","","No Unique Identifier",NA,"","",NA,NA,NA,NA,NA,NA,NA,NA,NA,NA,"No Unique Identifier","human"
NA,NA,NA,"Pacific Eider","Geographic Location",NA,"","","Geographic Location",NA,"","",NA,NA,NA,NA,NA,NA,NA,NA,NA,NA,"Geographic Location","natural history"
NA,NA,NA,"Blue-headed Euphonia","Both sexes physical trait",NA,"","","Both sexes physical trait",NA,"","",NA,NA,NA,NA,NA,NA,NA,NA,NA,NA,"Both sexes physical trait","physical trait"
NA,NA,NA,"Cassin's Purple Finch","Person",NA,"","","Person",NA,"","",NA,NA,NA,NA,NA,NA,NA,NA,NA,NA,"Person","human"
NA,NA,NA,"Guadalupe House Finch","Geographic Location",NA,"","","Geographic Location",NA,"","Guadalupe Island",NA,NA,NA,NA,NA,NA,NA,NA,NA,NA,"Geographic Location","natural history"
NA,NA,NA,"Flicker","No Unique Identifier",NA,"","","No Unique Identifier",NA,"","",NA,NA,NA,NA,NA,NA,NA,NA,NA,NA,"No Unique Identifier","human"
NA,NA,NA,"Guadalupe Flicker","Geographic Location",NA,"","","Geographic Location",NA,"","",NA,NA,NA,NA,NA,NA,NA,NA,NA,NA,"Geographic Location","natural history"
NA,NA,NA,"Red-shafted Flicker","Both sexes physical trait",NA,"","","Both sexes physical trait",NA,"https://www.featheredphotography.com/blog/2017/10/20/heres-why-this-species-used-to-be-called-the-red-shafted-flicker/","",NA,NA,NA,NA,NA,NA,NA,NA,NA,NA,"Both sexes physical trait","physical trait"
NA,NA,NA,"Baird's Beardless Flycatcher","Person",NA,"","","Person",NA,"","",NA,NA,NA,NA,NA,NA,NA,NA,NA,NA,"Person","human"
NA,NA,NA,"Beardless Flycatcher","Both sexes physical trait",NA,"","","Both sexes physical trait",NA,"https://www.allaboutbirds.org/guide/Northern_Beardless-Tyrannulet/overview","Most flycatchers have bristles at the base of their bill that some call the flycatcher's ""beard."" As their name implies, Northern Beardless-Tyrannulets don't have bristles around their bill.",NA,NA,NA,NA,NA,NA,NA,NA,NA,NA,"Both sexes physical trait","physical trait"
NA,NA,NA,"Coues's Flycatcher","Person",NA,"","","Person",NA,"","",NA,NA,NA,NA,NA,NA,NA,NA,NA,NA,"Person","human"
NA,NA,NA,"Crested Flycatcher","Both sexes physical trait",NA,"","","Both sexes physical trait",NA,"","",NA,NA,NA,NA,NA,NA,NA,NA,NA,NA,"Both sexes physical trait","physical trait"
NA,NA,NA,"Derby Flycatcher","Person",NA,"","After Edward Smith Stanley 13th Earl of Derby (?)","Person",NA,"","In honor of earl derby ",NA,NA,NA,NA,NA,NA,NA,NA,NA,NA,"Person","human"
NA,NA,NA,"Fulvous Flycatcher","Both sexes physical trait",NA,"","","Both sexes physical trait",NA,"","",NA,NA,NA,NA,NA,NA,NA,NA,NA,NA,"Both sexes physical trait","physical trait"
NA,NA,NA,"Giraud's Flycatcher","Person",NA,"","","Person",NA,"","Jacob Post Giraud Jr,",NA,NA,NA,NA,NA,NA,NA,NA,NA,NA,"Person","human"
NA,NA,NA,"Lawrence's Flycatcher","Person",NA,"","","Person",NA,"","George Newbold Lawrence",NA,NA,NA,NA,NA,NA,NA,NA,NA,NA,"Person","human"
NA,NA,NA,"Mexican Crested Flycatcher","Geographic Location",NA,"","","Geographic Location",NA,"","",NA,NA,NA,NA,NA,NA,NA,NA,NA,NA,"Geographic Location","natural history"
NA,NA,NA,"Wright's Flycatcher","Person",NA,"","","Person",NA,"","",NA,NA,NA,NA,NA,NA,NA,NA,NA,NA,"Person","human"
NA,NA,NA,"Fulmar","No Unique Identifier",NA,"","","No Unique Identifier",NA,"","",NA,NA,NA,NA,NA,NA,NA,NA,NA,NA,"No Unique Identifier","human"
NA,NA,NA,"Giant Fulmar","Size",NA,"","","Size",NA,"","",NA,NA,NA,NA,NA,NA,NA,NA,NA,NA,"Size","physical trait"
NA,NA,NA,"Slender-billed Fulmar","Both sexes physical trait",NA,"","","Both sexes physical trait",NA,"","",NA,NA,NA,NA,NA,NA,NA,NA,NA,NA,"Both sexes physical trait","physical trait"
NA,NA,NA,"Florida Gallinule","Geographic Location",NA,"","","Geographic Location",NA,"","",NA,NA,NA,NA,NA,NA,NA,NA,NA,NA,"Geographic Location","natural history"
NA,NA,NA,"Gannet","No Unique Identifier",NA,"","","No Unique Identifier",NA,"","",NA,NA,NA,NA,NA,NA,NA,NA,NA,NA,"No Unique Identifier","human"
NA,NA,NA,"Plumbeous Gnatcatcher","Both sexes physical trait",NA,"","","Both sexes physical trait",NA,"","Lead colored = plumbeous",NA,NA,NA,NA,NA,NA,NA,NA,NA,NA,"Both sexes physical trait","physical trait"
NA,NA,NA,"Pacific Godwit","Geographic Location",NA,"","","Geographic Location",NA,"","",NA,NA,NA,NA,NA,NA,NA,NA,NA,NA,"Geographic Location","natural history"
NA,NA,NA,"American Golden-eye","Geographic Location",NA,"","","Geographic Location",NA,"","",NA,NA,NA,NA,NA,NA,NA,NA,NA,NA,"Geographic Location","natural history"
NA,NA,NA,"Barrow's Golden-eye","Person",NA,"","","Person",NA,"","",NA,NA,NA,NA,NA,NA,NA,NA,NA,NA,"Person","human"
NA,NA,NA,"Arkansas Goldfinch","Geographic Location",NA,"","","Geographic Location",NA,"","",NA,NA,NA,NA,NA,NA,NA,NA,NA,NA,"Geographic Location","natural history"
NA,NA,NA,"Black-headed Goldfinch","Both sexes physical trait",NA,"","","Male physical trait",NA,"","",NA,NA,NA,NA,NA,NA,NA,NA,NA,NA,"Both sexes physical trait","physical trait"
NA,NA,NA,"Blue Goose","Both sexes physical trait",NA,"","","Both sexes physical trait",NA,"","blue morph",NA,NA,NA,NA,NA,NA,NA,NA,NA,NA,"Both sexes physical trait","physical trait"
NA,NA,NA,"Lesser Snow Goose","Size",NA,"","","Size",NA,"","",NA,NA,NA,NA,NA,NA,NA,NA,NA,NA,"Size","physical trait"
NA,NA,NA,"Ross's Snow Goose","Person",NA,"","","Person",NA,"","",NA,NA,NA,NA,NA,NA,NA,NA,NA,NA,"Person","human"
NA,NA,NA,"White-fronted Goose","Both sexes physical trait",NA,"","","Both sexes physical trait",NA,"","",NA,NA,NA,NA,NA,NA,NA,NA,NA,NA,"Both sexes physical trait","physical trait"
NA,NA,NA,"American Goshawk","Geographic Location",NA,"","","Geographic Location",NA,"","",NA,NA,NA,NA,NA,NA,NA,NA,NA,NA,"Geographic Location","natural history"
NA,NA,NA,"Mexican Goshawk","Geographic Location",NA,"","","Geographic Location",NA,"","",NA,NA,NA,NA,NA,NA,NA,NA,NA,NA,"Geographic Location","natural history"
NA,NA,NA,"Purple Grackle","Both sexes physical trait",NA,"","","Both sexes physical trait",NA,"","Color varies, but females can be a dull purple",NA,NA,NA,NA,NA,NA,NA,NA,NA,NA,"Both sexes physical trait","physical trait"
NA,NA,NA,"Grassquit","No Unique Identifier",NA,"","","No Unique Identifier",NA,"","",NA,NA,NA,NA,NA,NA,NA,NA,NA,NA,"No Unique Identifier","human"
NA,NA,NA,"American Eared Grebe","Geographic Location",NA,"","","Geographic Location",NA,"","",NA,NA,NA,NA,NA,NA,NA,NA,NA,NA,"Geographic Location","natural history"
NA,NA,NA,"Holboell's Grebe","Person",NA,"","","Person",NA,"","",NA,NA,NA,NA,NA,NA,NA,NA,NA,NA,"Person","human"
NA,NA,NA,"Horned Gerbe","Both sexes physical trait",NA,"","","Both sexes physical trait",NA,"","",NA,NA,NA,NA,NA,NA,NA,NA,NA,NA,"Both sexes physical trait","physical trait"
NA,NA,NA,"St. Domingo Grebe","Geographic Location",NA,"","","Geographic Location",NA,"","Santo Domingo",NA,NA,NA,NA,NA,NA,NA,NA,NA,NA,"Geographic Location","natural history"
NA,NA,NA,"Green-shank","No Unique Identifier",NA,"","","No Unique Identifier",NA,"","There are now two types of greenshank-- Common greenshank and Nordmann's Greenshank",NA,NA,NA,NA,NA,NA,NA,NA,NA,NA,"No Unique Identifier","human"
NA,NA,NA,"Canada Grouse","Geographic Location",NA,"","","Geographic Location",NA,"","",NA,NA,NA,NA,NA,NA,NA,NA,NA,NA,"Geographic Location","natural history"
NA,NA,NA,"Franklin's Grouse","Person",NA,"","","Person",NA,"","",NA,NA,NA,NA,NA,NA,NA,NA,NA,NA,"Person","human"
NA,NA,NA,"Sage Grouse","No Unique Identifier",NA,"","","No Unique Identifier",NA,"","Now multiple types of sage grouse",NA,NA,NA,NA,NA,NA,NA,NA,NA,NA,"No Unique Identifier","human"
NA,NA,NA,"Black-winged Guillemot","Both sexes physical trait",NA,"","","Both sexes physical trait",NA,"","",NA,NA,NA,NA,NA,NA,NA,NA,NA,NA,"Both sexes physical trait","physical trait"
NA,NA,NA,"Mandt's Guillemot","Person",NA,"","","Person",NA,"","",NA,NA,NA,NA,NA,NA,NA,NA,NA,NA,"Person","human"
NA,NA,NA,"Sooty Guillemot","Both sexes physical trait",NA,"","","Both sexes physical trait",NA,"","",NA,NA,NA,NA,NA,NA,NA,NA,NA,NA,"Both sexes physical trait","physical trait"
NA,NA,NA,"Kumlien's Gull","Person",NA,"","","Person",NA,"","",NA,NA,NA,NA,NA,NA,NA,NA,NA,NA,"Person","human"
NA,NA,NA,"Mew Gull","Local language",NA,"https://www.allaboutbirds.org/guide/Short-billed_Gull/overview#:~:text=The%20Short%2Dbilled%20Gull%20was,is%20a%20%E2%80%9Csea%20gull.%E2%80%9D","","Local language",NA,"https://www.allaboutbirds.org/guide/Short-billed_Gull/overview","""Mew"" is derived from “zee meeuw,” an old Dutch name for the bird",NA,NA,NA,NA,NA,NA,NA,NA,NA,NA,"Local language",NA
NA,NA,NA,"Nelson's Gull","Person",NA,"","","Person",NA,"","",NA,NA,NA,NA,NA,NA,NA,NA,NA,NA,"Person","human"
NA,NA,NA,"Siberian Gull","Geographic Location",NA,"","","Geographic Location",NA,"","",NA,NA,NA,NA,NA,NA,NA,NA,NA,NA,"Geographic Location","natural history"
NA,NA,NA,"Gray Gyrfalcon","Both sexes physical trait",NA,"","","Both sexes physical trait",NA,"","Turned into one species",NA,NA,NA,NA,NA,NA,NA,NA,NA,NA,"Both sexes physical trait","physical trait"
NA,NA,NA,"White Gyrfalcon","Both sexes physical trait",NA,"","","Both sexes physical trait",NA,"","Turned into one species",NA,NA,NA,NA,NA,NA,NA,NA,NA,NA,"Both sexes physical trait","physical trait"
NA,NA,NA,"American Sparrowhawk","Geographic Location",NA,"","","Geographic Location",NA,"","",NA,NA,NA,NA,NA,NA,NA,NA,NA,NA,"Geographic Location","natural history"
NA,NA,NA,"Cuban Sparrowhawk","Geographic Location",NA,"","","Geographic Location",NA,"","",NA,NA,NA,NA,NA,NA,NA,NA,NA,NA,"Geographic Location","natural history"
NA,NA,NA,"Duck Hawk","Natural History",NA,"https://www.oceanviewfoundation.org/blog/duck-hawk-peregrinations","diet - eats other birds, primarily waterfowl","Behavior",NA,"https://www.oceanviewfoundation.org/blog/duck-hawk-peregrinations#:~:text=First%2C%20the%20nomenclature%3A%20in%20an,Falco%20peregrinus%2C%20is%20also%20enlightening.","eat ducks and other birds",NA,NA,NA,NA,NA,NA,NA,NA,NA,NA,"Behavior","natural history"
NA,NA,NA,"Harlan's Hawk","Person",NA,"","","Person",NA,"","",NA,NA,NA,NA,NA,NA,NA,NA,NA,NA,"Person","human"
NA,NA,NA,"Little Black Hawk","Size",NA,"","","Size",NA,"","",NA,NA,NA,NA,NA,NA,NA,NA,NA,NA,"Size","physical trait"
NA,NA,NA,"Marsh Hawk","Natural History",NA,"","","Natural History",NA,"","low-flying raptor of tundra, grasslands, weedy agricultural fields, and fresh and saltwater marshes. ",NA,NA,NA,NA,NA,NA,NA,NA,NA,NA,"Natural History","natural history"
NA,NA,NA,"Mexican Black Hawk","Geographic Location",NA,"","","Geographic Location",NA,"","",NA,NA,NA,NA,NA,NA,NA,NA,NA,NA,"Geographic Location","natural history"
NA,NA,NA,"Pigeon Hawk","Both sexes physical trait",NA,"https://www.allaboutbirds.org/guide/Merlin/overview#:~:text=The%20name%20%E2%80%9CMerlin%E2%80%9D%20comes%20from,%2Dsized%20to%20dove%2Dsized.","they resemble pigeons in flight","Behavior",NA,"https://www.allaboutbirds.org/guide/Merlin/overview","looks pigeon-like in flight, eats pigeons, and exhibits pidgeon like physical traits",NA,NA,NA,NA,NA,NA,NA,NA,NA,NA,"Behavior","natural history"
NA,NA,NA,"Heath Hen","Natural History",NA,"","lived in heathland habitat... extinct :'(","Natural History",NA,"","heathlands",NA,NA,NA,NA,NA,NA,NA,NA,NA,NA,"Natural History","natural history"
NA,NA,NA,"Lesser Prairie Hen","Size",NA,"","","Size",NA,"","",NA,NA,NA,NA,NA,NA,NA,NA,NA,NA,"Size","physical trait"
NA,NA,NA,"Prairie Hen","Natural History",NA,"","","Natural History",NA,"","",NA,NA,NA,NA,NA,NA,NA,NA,NA,NA,"Natural History","natural history"
NA,NA,NA,"Cooper's Henhawk","Person",NA,"","","Person",NA,"","",NA,NA,NA,NA,NA,NA,NA,NA,NA,NA,"Person","human"
NA,NA,NA,"European Blue Heron","Geographic Location",NA,"","","Geographic Location",NA,"","",NA,NA,NA,NA,NA,NA,NA,NA,NA,NA,"Geographic Location","natural history"
NA,NA,NA,"Great White Heron","Size",NA,"","","Size",NA,"","",NA,NA,NA,NA,NA,NA,NA,NA,NA,NA,"Size","physical trait"
NA,NA,NA,"Louisiana Heron","Geographic Location",NA,"","","Geographic Location",NA,"","",NA,NA,NA,NA,NA,NA,NA,NA,NA,NA,"Geographic Location","natural history"
NA,NA,NA,"Snowy Heron","Both sexes physical trait",NA,"","","Both sexes physical trait",NA,"","",NA,NA,NA,NA,NA,NA,NA,NA,NA,NA,"Both sexes physical trait","physical trait"
NA,NA,NA,"Ward's Heron","Person",NA,"","","Person",NA,"","",NA,NA,NA,NA,NA,NA,NA,NA,NA,NA,"Person","human"
NA,NA,NA,"Wurdemann's Heron","Person",NA,"","","Person",NA,"","",NA,NA,NA,NA,NA,NA,NA,NA,NA,NA,"Person","human"
NA,NA,NA,"Blue-throated Hummingbird","Male physical trait",NA,"","","Male physical trait",NA,"","Females lack blue throat patch",NA,NA,NA,NA,NA,NA,NA,NA,NA,NA,"Male physical trait","physical trait"
NA,NA,NA,"Heloise's Hummingbird","Person",NA,"","","Person",NA,"","Honoring Heloise, the nun who was in love with Peter Abelard (We're talking about this in class as I write this entry!",NA,NA,NA,NA,NA,NA,NA,NA,NA,NA,"Person","human"
NA,NA,NA,"Rieffer's Hummingbird","Person",NA,"","","Person",NA,"","",NA,NA,NA,NA,NA,NA,NA,NA,NA,NA,"Person","human"
NA,NA,NA,"Rivoli Hummingbird","Person",NA,"https://birdnamesforbirds.wordpress.com/dishonorifics-teresa-dendy/rivolis-hummingbird-by-teresa-dendy/","named for François Victor Masséna,the 2nd duke of Rivoli","Person",NA,"","honor of Francois Victor Massena, the Duke of Rivoli (a city in Italy)",NA,NA,NA,NA,NA,NA,NA,NA,NA,NA,"Person","human"
NA,NA,NA,"Short-winged Hylophilus","Both sexes physical trait",NA,"","","Both sexes physical trait",NA,"","",NA,NA,NA,NA,NA,NA,NA,NA,NA,NA,"Both sexes physical trait","physical trait"
NA,NA,NA,"White-faced Glossy Ibis","Both sexes physical trait",NA,"","","Both sexes physical trait",NA,"","",NA,NA,NA,NA,NA,NA,NA,NA,NA,NA,"Both sexes physical trait","physical trait"
NA,NA,NA,"Wood Ibis","Both sexes physical trait",NA,"","","Natural History",NA,"","Lives in wooded swamp",NA,NA,NA,NA,NA,NA,NA,NA,NA,NA,"Natural History","natural history"
NA,NA,NA,"Mexican Jacana","Geographic Location",NA,"","","Geographic Location",NA,"","",NA,NA,NA,NA,NA,NA,NA,NA,NA,NA,"Geographic Location","natural history"
NA,NA,NA,"Arizona Jay","Geographic Location",NA,"","","Geographic Location",NA,"","",NA,NA,NA,NA,NA,NA,NA,NA,NA,NA,"Geographic Location","natural history"
NA,NA,NA,"California Jay","Geographic Location",NA,"","","Geographic Location",NA,"","",NA,NA,NA,NA,NA,NA,NA,NA,NA,NA,"Geographic Location","natural history"
NA,NA,NA,"Florida Jay","Geographic Location",NA,"","","Geographic Location",NA,"","",NA,NA,NA,NA,NA,NA,NA,NA,NA,NA,"Geographic Location","natural history"
NA,NA,NA,"Oregon Jay","Geographic Location",NA,"","","Geographic Location",NA,"","",NA,NA,NA,NA,NA,NA,NA,NA,NA,NA,"Geographic Location","natural history"
NA,NA,NA,"Pinon Jay","Natural History",NA,"","Refers to the pinyon pine tree, which provides the bird's main food source.","Natural History",NA,"https://www.audubon.org/field-guide/bird/pinyon-jay ","feeds heavily on the seeds of pinyon pines",NA,NA,NA,NA,NA,NA,NA,NA,NA,NA,"Natural History","natural history"
NA,NA,NA,"Woodhouse's Jay","Person",NA,"","","Person",NA,"","",NA,NA,NA,NA,NA,NA,NA,NA,NA,NA,"Person","human"
NA,NA,NA,"Arizona Junco","Geographic Location",NA,"","","Geographic Location",NA,"","",NA,NA,NA,NA,NA,NA,NA,NA,NA,NA,"Geographic Location","natural history"
NA,NA,NA,"Gray-headed Junco","Both sexes physical trait",NA,"","","Both sexes physical trait",NA,"","Females' hoods can be lighter or browner",NA,NA,NA,NA,NA,NA,NA,NA,NA,NA,"Both sexes physical trait","physical trait"
NA,NA,NA,"Pink-sided Junco","Both sexes physical trait",NA,"","","Both sexes physical trait",NA,"","",NA,NA,NA,NA,NA,NA,NA,NA,NA,NA,"Both sexes physical trait","physical trait"
NA,NA,NA,"Slate-colored Junco","Both sexes physical trait",NA,"","","Both sexes physical trait",NA,"","",NA,NA,NA,NA,NA,NA,NA,NA,NA,NA,"Both sexes physical trait","physical trait"
NA,NA,NA,"White-winged Junco","Both sexes physical trait",NA,"","","Both sexes physical trait",NA,"","all weakly sexually dimporphic, but most photos available are only of males, so it is difficult to tell, especially because they all share one entry in BOTW",NA,NA,NA,NA,NA,NA,NA,NA,NA,NA,"Both sexes physical trait","physical trait"
NA,NA,NA,"Arkansas Kingbird","Geographic Location",NA,"","","Geographic Location",NA,"","",NA,NA,NA,NA,NA,NA,NA,NA,NA,NA,"Geographic Location","natural history"
NA,NA,NA,"Kingbird","No Unique Identifier",NA,"","","No Unique Identifier",NA,"","",NA,NA,NA,NA,NA,NA,NA,NA,NA,NA,"No Unique Identifier","human"
NA,NA,NA,"Texan Kingfisher","Geographic Location",NA,"","","Geographic Location",NA,"","",NA,NA,NA,NA,NA,NA,NA,NA,NA,NA,"Geographic Location","natural history"
NA,NA,NA,"Cuvier's Kinglet","Person",NA,"","","Person",NA,"","Bird only ever recorded by one person",NA,NA,NA,NA,NA,NA,NA,NA,NA,NA,"Person","human"
NA,NA,NA,"Dusky Kinglet","Both sexes physical trait",NA,"","","Both sexes physical trait",NA,"","",NA,NA,NA,NA,NA,NA,NA,NA,NA,NA,"Both sexes physical trait","physical trait"
NA,NA,NA,"Everglade Kite","Geographic Location",NA,"","","Geographic Location",NA,"","Florida everglades",NA,NA,NA,NA,NA,NA,NA,NA,NA,NA,"Geographic Location","natural history"
NA,NA,NA,"Kittiwake","No Unique Identifier",NA,"","","No Unique Identifier",NA,"","",NA,NA,NA,NA,NA,NA,NA,NA,NA,NA,"No Unique Identifier","human"
NA,NA,NA,"Knot","No Unique Identifier",NA,"","","No Unique Identifier",NA,"","",NA,NA,NA,NA,NA,NA,NA,NA,NA,NA,"No Unique Identifier","human"
NA,NA,NA,"Lapwing","No Unique Identifier",NA,"","","No Unique Identifier",NA,"","",NA,NA,NA,NA,NA,NA,NA,NA,NA,NA,"No Unique Identifier","human"
NA,NA,NA,"Aleutian Leucosticte","Geographic Location",NA,"","","Geographic Location",NA,"","aleutian islands",NA,NA,NA,NA,NA,NA,NA,NA,NA,NA,"Geographic Location","natural history"
NA,NA,NA,"Black Leucosticte","Both sexes physical trait",NA,"","","Male physical trait",NA,""," female body lighter grayish-brown",NA,NA,NA,NA,NA,NA,NA,NA,NA,NA,"Male physical trait","physical trait"
NA,NA,NA,"Brown-capped Leucosticte","Both sexes physical trait",NA,"","","Both sexes physical trait",NA,"","",NA,NA,NA,NA,NA,NA,NA,NA,NA,NA,"Both sexes physical trait","physical trait"
NA,NA,NA,"Gray-crowned Leucosticte","Both sexes physical trait",NA,"","","Both sexes physical trait",NA,"","",NA,NA,NA,NA,NA,NA,NA,NA,NA,NA,"Both sexes physical trait","physical trait"
NA,NA,NA,"Brewster's Linnet","Person",NA,"","","Person",NA,"","",NA,NA,NA,NA,NA,NA,NA,NA,NA,NA,"Person","human"
NA,NA,NA,"McCown's Longspur","Person",NA,"","","Person",NA,"","",NA,NA,NA,NA,NA,NA,NA,NA,NA,NA,"Person","human"
NA,NA,NA,"Loon","No Unique Identifier",NA,"","","No Unique Identifier",NA,"","",NA,NA,NA,NA,NA,NA,NA,NA,NA,NA,"No Unique Identifier","human"
NA,NA,NA,"Black-throated Loon","Both sexes physical trait",NA,"","","Both sexes physical trait",NA,"","",NA,NA,NA,NA,NA,NA,NA,NA,NA,NA,"Both sexes physical trait","physical trait"
NA,NA,NA,"American Magpie","Geographic Location",NA,"","","Geographic Location",NA,"","",NA,NA,NA,NA,NA,NA,NA,NA,NA,NA,"Geographic Location","natural history"
NA,NA,NA,"Man-o'-War Bird","Behavior",NA,"https://www.allaboutbirds.org/guide/Great_Frigatebird/overview","","Behavior",NA,"https://galapagosconservation.org.uk/species/magnificent-frigatebird/?srsltid=AfmBOopyqiN3mlMIdMPeLiAsyBzyDEBYx4SBDI7dd7hn9ti_pjrVO8hW ","",NA,NA,NA,NA,NA,NA,NA,NA,NA,NA,"Behavior","natural history"
NA,NA,NA,"Meadowlark","No Unique Identifier",NA,"","","No Unique Identifier",NA,"","",NA,NA,NA,NA,NA,NA,NA,NA,NA,NA,"No Unique Identifier","human"
NA,NA,NA,"American Merganser","Geographic Location",NA,"","","Geographic Location",NA,"","",NA,NA,NA,NA,NA,NA,NA,NA,NA,NA,"Geographic Location","natural history"
NA,NA,NA,"Richardson's Merlin","Person",NA,"","","Person",NA,"","",NA,NA,NA,NA,NA,NA,NA,NA,NA,NA,"Person","human"
NA,NA,NA,"Mockingbird","No Unique Identifier",NA,"","","No Unique Identifier",NA,"","",NA,NA,NA,NA,NA,NA,NA,NA,NA,NA,"No Unique Identifier","human"
NA,NA,NA,"Murre","No Unique Identifier",NA,"","","No Unique Identifier",NA,"","",NA,NA,NA,NA,NA,NA,NA,NA,NA,NA,"No Unique Identifier","human"
NA,NA,NA,"Brunnich's Murre","Person",NA,"","","Person",NA,"","",NA,NA,NA,NA,NA,NA,NA,NA,NA,NA,"Person","human"
NA,NA,NA,"Temminck's Murrelet","Person",NA,"","","Person",NA,"","",NA,NA,NA,NA,NA,NA,NA,NA,NA,NA,"Person","human"
NA,NA,NA,"Xantus's Murrelet","Person",NA,"","","Person",NA,"","",NA,NA,NA,NA,NA,NA,NA,NA,NA,NA,"Person","human"
NA,NA,NA,"Nighthawk","No Unique Identifier",NA,"","","No Unique Identifier",NA,"","",NA,NA,NA,NA,NA,NA,NA,NA,NA,NA,"No Unique Identifier","human"
NA,NA,NA,"Texan Nighthawk","Geographic Location",NA,"","","Geographic Location",NA,"","",NA,NA,NA,NA,NA,NA,NA,NA,NA,NA,"Geographic Location","natural history"
NA,NA,NA,"Noddy","No Unique Identifier",NA,"","","No Unique Identifier",NA,"","",NA,NA,NA,NA,NA,NA,NA,NA,NA,NA,"No Unique Identifier","human"
NA,NA,NA,"Clarke's Nutcracker","Person",NA,"","","Person",NA,"","",NA,NA,NA,NA,NA,NA,NA,NA,NA,NA,"Person","human"
NA,NA,NA,"Old-squaw","No Unique Identifier",NA,"https://www.chicagobirder.org/blog/2019/4/18/dans-feathursday-feature-oldsquaw","or behavior? named after their bird call to mock native american women ","Behavior",NA,"https://www.capecodseaduckhunting.com/species/sea-duck-hunting-charters-long-tail-old-squaw/#:~:text=In%20recent%20years%20some%20biologists,be%20politically%20correct%20world%20wide.  / https://www.chicagobirder.org/blog/2019/4/18/dans-feathursday-feature-oldsquaw ","Offensive name derived from the calls of the duck",NA,NA,NA,NA,NA,NA,NA,NA,NA,NA,"Behavior","natural history"
NA,NA,NA,"American Osprey","Geographic Location",NA,"","","Geographic Location",NA,"","",NA,NA,NA,NA,NA,NA,NA,NA,NA,NA,"Geographic Location","natural history"
NA,NA,NA,"American Barn Owl","Geographic Location",NA,"","","Geographic Location",NA,"","",NA,NA,NA,NA,NA,NA,NA,NA,NA,NA,"Geographic Location","natural history"
NA,NA,NA,"American Long-eared Owl","Geographic Location",NA,"","","Geographic Location",NA,"","",NA,NA,NA,NA,NA,NA,NA,NA,NA,NA,"Geographic Location","natural history"
NA,NA,NA,"Flammulated Screech-Owl","Both sexes physical trait",NA,"","","Both sexes physical trait",NA,"https://www.merriam-webster.com/dictionary/flammulated","",NA,NA,NA,NA,NA,NA,NA,NA,NA,NA,"Both sexes physical trait","physical trait"
NA,NA,NA,"Hawk Owl","Behavior",NA,"https://raptor.umn.edu/about-raptors/raptors-north-america/northern-hawk-owl#:~:text=Northern%20hawk%20owls%20mainly%20feed,the%20darkness%20of%20northern%20winters.","named for hawk-like appearence and behavior...","Behavior",NA,"https://raptor.umn.edu/about-raptors/raptors-north-america/northern-hawk-owl ","Looks like an owl but has hawk features and behaves like a hawk",NA,NA,NA,NA,NA,NA,NA,NA,NA,NA,"Behavior","natural history"
NA,NA,NA,"Pygmy-Owl","No Unique Identifier",NA,"","","Size",NA,"","",NA,NA,NA,NA,NA,NA,NA,NA,NA,NA,"No Unique Identifier","human"
NA,NA,NA,"Richardson's Owl","Person",NA,"","","Person",NA,"","",NA,NA,NA,NA,NA,NA,NA,NA,NA,NA,"Person","human"
NA,NA,NA,"Saw-whet Owl","No Unique Identifier",NA,"","","Behavior",NA,"https://www.massaudubon.org/our-work/birds-wildlife/bird-conservation-research/breeding-bird-atlases/find-a-bird?id=2736 ","Sounds like a sawmill",NA,NA,NA,NA,NA,NA,NA,NA,NA,NA,"Behavior","natural history"
NA,NA,NA,"Screech-Owl","No Unique Identifier",NA,"","","No Unique Identifier",NA,"","",NA,NA,NA,NA,NA,NA,NA,NA,NA,NA,"No Unique Identifier","human"
NA,NA,NA,"Oystercatcher","No Unique Identifier",NA,"","","No Unique Identifier",NA,"","",NA,NA,NA,NA,NA,NA,NA,NA,NA,NA,"No Unique Identifier","human"
NA,NA,NA,"Parauque","No Unique Identifier",NA,"","","Local language",NA,"https://digitalcommons.usf.edu/cgi/viewcontent.cgi?article=16368&context=auk ","""an onomatopoeiec version, by the Mexicans, of the bird's call""",NA,NA,NA,NA,NA,NA,NA,NA,NA,NA,"Behavior","natural history"
NA,NA,NA,"Carolina Paroquet","Geographic Location",NA,"","","Geographic Location",NA,"","",NA,NA,NA,NA,NA,NA,NA,NA,NA,NA,"Geographic Location","natural history"
NA,NA,NA,"California Partridge","Geographic Location",NA,"","","Geographic Location",NA,"","",NA,NA,NA,NA,NA,NA,NA,NA,NA,NA,"Geographic Location","natural history"
NA,NA,NA,"Gambel's Partridge","Person",NA,"","","Person",NA,"","",NA,NA,NA,NA,NA,NA,NA,NA,NA,NA,"Person","human"
NA,NA,NA,"Massena Partridge","Person",NA,"","","Person",NA,"https://www.merriam-webster.com/dictionary/Massena%20quail ","""André Masséna †1817 French marshal""",NA,NA,NA,NA,NA,NA,NA,NA,NA,NA,"Person","human"
NA,NA,NA,"Mountain Partridge","Natural History",NA,"","","Natural History",NA,"","",NA,NA,NA,NA,NA,NA,NA,NA,NA,NA,"Natural History","natural history"
NA,NA,NA,"Scaled Partridge","Both sexes physical trait",NA,"","","Both sexes physical trait",NA,"","Feather pattern looks like scales",NA,NA,NA,NA,NA,NA,NA,NA,NA,NA,"Both sexes physical trait","physical trait"
NA,NA,NA,"California Brown Pelican","Geographic Location",NA,"","","Geographic Location",NA,"","",NA,NA,NA,NA,NA,NA,NA,NA,NA,NA,"Geographic Location","natural history"
NA,NA,NA,"Ashy Petrel","Both sexes physical trait",NA,"","","Both sexes physical trait",NA,"","",NA,NA,NA,NA,NA,NA,NA,NA,NA,NA,"Both sexes physical trait","physical trait"
NA,NA,NA,"Black Petrel","Both sexes physical trait",NA,"","","Both sexes physical trait",NA,"","",NA,NA,NA,NA,NA,NA,NA,NA,NA,NA,"Both sexes physical trait","physical trait"
NA,NA,NA,"Fisher's Petrel","Person",NA,"","","Person",NA,"https://digitalcommons.usf.edu/cgi/viewcontent.cgi?article=3093&context=auk#:~:text=Page%201,auk/vol12/iss4/1 ","named after "" Mr. Win. J. Fisher""",NA,NA,NA,NA,NA,NA,NA,NA,NA,NA,"Person","human"
NA,NA,NA,"Fork-tailed Petrel","Both sexes physical trait",NA,"","","Both sexes physical trait",NA,"","",NA,NA,NA,NA,NA,NA,NA,NA,NA,NA,"Both sexes physical trait","physical trait"
NA,NA,NA,"Hornby's Petrel","Person",NA,"","","Person",NA,"https://www.peruaves.org/hydrobatidae/ringed-hornbys-storm-petrel-oceanodroma-hornbyi/#:~:text=Sub%2Dspecies:%20Ringed%20(Hornby's,chief%20stationed%20in%20the%20Pacific. ","In honor of Admiral Sir Phipps Hornby,",NA,NA,NA,NA,NA,NA,NA,NA,NA,NA,"Person","human"
NA,NA,NA,"Leach's Petrel","Person",NA,"","","Person",NA,"https://www.birdsofhawaii.info/p/leachs-storm-petrel.html "," in memory of William E. Leach",NA,NA,NA,NA,NA,NA,NA,NA,NA,NA,"Person","human"
NA,NA,NA,"Least Petrel","Size",NA,"","","Size",NA,"","",NA,NA,NA,NA,NA,NA,NA,NA,NA,NA,"Size","physical trait"
NA,NA,NA,"Peal's Petrel","Person",NA,"","","Person",NA,"https://www.euppublishing.com/doi/10.3366/E0260954108000132#:~:text=There%20seems%20less%20doubt%20about,glacialis%20and%20P.","Titian Ramsay Peale",NA,NA,NA,NA,NA,NA,NA,NA,NA,NA,"Person","human"
NA,NA,NA,"Pintado Petrel","Both sexes physical trait",NA,"","pintado meaning painted in Spanish","Local language",NA,"https://www.museum.lsu.edu/~Remsen/SACCprop990.htm ","""Pintado"" means painted in spanish, and refers to the painted look of the bird (both sexes physical trait)",NA,NA,NA,NA,NA,NA,NA,NA,NA,NA,"Both sexes physical trait","physical trait"
NA,NA,NA,"Stormy Petrel","Time limit",NA,"https://www.allaboutbirds.org/guide/Wilsons_Storm-Petrel/overview#:~:text=Early%20mariners%20were%20impressed%20by,referenced%20in%20the%20genus%20name.","or could be physical trait or maybe behavior? ability to fly far out at sea, so sailors thought that their presence indicated a storm coming. or no unique identifier its it is what is not called the storm-eptrel","Miscellaneous",NA,"https://wordsmith.org/words/stormy_petrel.html ","Superstitious origin-- Sailors believed the stormy petrel indicated that a storm would approach",NA,NA,NA,NA,NA,NA,NA,NA,NA,NA,"Miscellaneous","human"
NA,NA,NA,"White-bellied Petrel","Both sexes physical trait",NA,"","","Both sexes physical trait",NA,"","",NA,NA,NA,NA,NA,NA,NA,NA,NA,NA,"Both sexes physical trait","physical trait"
NA,NA,NA,"White-faced Petrel","Both sexes physical trait",NA,"","","Both sexes physical trait",NA,"","",NA,NA,NA,NA,NA,NA,NA,NA,NA,NA,"Both sexes physical trait","physical trait"
NA,NA,NA,"Wilson's Petrel","Person",NA,"","","Person",NA,"https://www.birdsofpei.info/p/wilsons-storm-petrel.html ","Alexander Wilson ",NA,NA,NA,NA,NA,NA,NA,NA,NA,NA,"Person","human"
NA,NA,NA,"Wood-Pewee","No Unique Identifier",NA,"","","No Unique Identifier",NA,"","two types of wood-peewee now",NA,NA,NA,NA,NA,NA,NA,NA,NA,NA,"No Unique Identifier","human"
NA,NA,NA,"Northern Phalarope","Geographic Location",NA,"","","Geographic Location",NA,"","",NA,NA,NA,NA,NA,NA,NA,NA,NA,NA,"Geographic Location","natural history"
NA,NA,NA,"Phoebe","No Unique Identifier",NA,"","","No Unique Identifier",NA,"","",NA,NA,NA,NA,NA,NA,NA,NA,NA,NA,"No Unique Identifier","human"
NA,NA,NA,"Pintail","No Unique Identifier",NA,"","","No Unique Identifier",NA,"","",NA,NA,NA,NA,NA,NA,NA,NA,NA,NA,"No Unique Identifier","human"
NA,NA,NA,"Golden-Plover","No Unique Identifier",NA,"","","No Unique Identifier",NA,"","",NA,NA,NA,NA,NA,NA,NA,NA,NA,NA,"No Unique Identifier","human"
NA,NA,NA,"Little Ring Plover","Size",NA,"","","Both sexes physical trait",NA,"","",NA,NA,NA,NA,NA,NA,NA,NA,NA,NA,"Size","physical trait"
NA,NA,NA,"Mongolian Plover","Geographic Location",NA,"","","Geographic Location",NA,"","",NA,NA,NA,NA,NA,NA,NA,NA,NA,NA,"Geographic Location","natural history"
NA,NA,NA,"Ring Plover","No Unique Identifier",NA,"","","Both sexes physical trait",NA,"","",NA,NA,NA,NA,NA,NA,NA,NA,NA,NA,"No Unique Identifier","human"
NA,NA,NA,"Poor-will","No Unique Identifier",NA,"","","No Unique Identifier",NA,"","",NA,NA,NA,NA,NA,NA,NA,NA,NA,NA,"No Unique Identifier","human"
NA,NA,NA,"Welch's Ptarmigan","Person",NA,"","","Person",NA,"","",NA,NA,NA,NA,NA,NA,NA,NA,NA,NA,"Person","human"
NA,NA,NA,"Puffin","No Unique Identifier",NA,"","","No Unique Identifier",NA,"","",NA,NA,NA,NA,NA,NA,NA,NA,NA,NA,"No Unique Identifier","human"
NA,NA,NA,"Blue-headed Quail-dove","Both sexes physical trait",NA,"","","Both sexes physical trait",NA,"","",NA,NA,NA,NA,NA,NA,NA,NA,NA,NA,"Both sexes physical trait","physical trait"
NA,NA,NA,"Key West Quail-dove","Geographic Location",NA,"","","Geographic Location",NA,"","florida",NA,NA,NA,NA,NA,NA,NA,NA,NA,NA,"Geographic Location","natural history"
NA,NA,NA,"American Raven","Geographic Location",NA,"","","Geographic Location",NA,"","",NA,NA,NA,NA,NA,NA,NA,NA,NA,NA,"Geographic Location","natural history"
NA,NA,NA,"Redpoll","No Unique Identifier",NA,"","","No Unique Identifier",NA,"","Previously, there were many different types of redpolls, but they have been grouped back into one species",NA,NA,NA,NA,NA,NA,NA,NA,NA,NA,"No Unique Identifier","human"
NA,NA,NA,"Greenland Redpoll","Geographic Location",NA,"","","Geographic Location",NA,"","",NA,NA,NA,NA,NA,NA,NA,NA,NA,NA,"Geographic Location","natural history"
NA,NA,NA,"Red-bellied Redstart","Male physical trait",NA,"","","Both sexes physical trait",NA,"","",NA,NA,NA,NA,NA,NA,NA,NA,NA,NA,"Both sexes physical trait","physical trait"
NA,NA,NA,"Roadrunner","No Unique Identifier",NA,"","","No Unique Identifier",NA,"","",NA,NA,NA,NA,NA,NA,NA,NA,NA,NA,"No Unique Identifier","human"
NA,NA,NA,"St. Lucas Robin","Geographic Location",NA,"","or san lucas, refering to san lucas california","Geographic Location",NA,"","Cabo San Lucas region",NA,NA,NA,NA,NA,NA,NA,NA,NA,NA,"Geographic Location","natural history"
NA,NA,NA,"Ferruginous Rough-leg","Both sexes physical trait",NA,"","","Both sexes physical trait",NA,"Oxford languages","Ferruginous= containing iron oxides or rust/ reddish brown; rust-colored.",NA,NA,NA,NA,NA,NA,NA,NA,NA,NA,"Both sexes physical trait","physical trait"
NA,NA,NA,"Aleutian Sandpiper","Geographic Location",NA,"","","Geographic Location",NA,"","",NA,NA,NA,NA,NA,NA,NA,NA,NA,NA,"Geographic Location","natural history"
NA,NA,NA,"Bartramian Sandpiper","Person",NA,"","","Person",NA,"https://www.dictionary.com/browse/bartramian-sandpiper#:~:text=noun,named%20after%20John%20Bartram;%20%2Dian ","1805–15, named after John Bartram; -ian",NA,NA,NA,NA,NA,NA,NA,NA,NA,NA,"Person","human"
NA,NA,NA,"Cooper's Sandpiper","Person",NA,"","","Person",NA,"","",NA,NA,NA,NA,NA,NA,NA,NA,NA,NA,"Person","human"
NA,NA,NA,"Prybilof Sandpiper","Geographic Location",NA,"","pribilof islands added to gazeteer","Geographic Location",NA,"https://digitalcommons.usf.edu/cgi/viewcontent.cgi?article=3837&context=condor ","Pribilof islands",NA,NA,NA,NA,NA,NA,NA,NA,NA,NA,"Geographic Location","natural history"
NA,NA,NA,"Spoon-bill Sandpiper","Both sexes physical trait",NA,"","","Both sexes physical trait",NA,"","",NA,NA,NA,NA,NA,NA,NA,NA,NA,NA,"Both sexes physical trait","physical trait"
NA,NA,NA,"American Scoter","Geographic Location",NA,"","","Geographic Location",NA,"","",NA,NA,NA,NA,NA,NA,NA,NA,NA,NA,"Geographic Location","natural history"
NA,NA,NA,"Morellet's Seedeater","Person",NA,"","","Person",NA," "," Pierre Marie Arthur Morelet,",NA,NA,NA,NA,NA,NA,NA,NA,NA,NA,"Person","human"
NA,NA,NA,"Black-tailed Shearwater","Both sexes physical trait",NA,"","","Both sexes physical trait",NA,"","",NA,NA,NA,NA,NA,NA,NA,NA,NA,NA,"Both sexes physical trait","physical trait"
NA,NA,NA,"Cinereous Shearwater","Both sexes physical trait",NA,"","","Both sexes physical trait",NA,"","",NA,NA,NA,NA,NA,NA,NA,NA,NA,NA,"Both sexes physical trait","physical trait"
NA,NA,NA,"Dark-bodied Shearwater","Both sexes physical trait",NA,"","","Both sexes physical trait",NA,"","",NA,NA,NA,NA,NA,NA,NA,NA,NA,NA,"Both sexes physical trait","physical trait"
NA,NA,NA,"Greater Shearwater","Size",NA,"","","Size",NA,"","",NA,NA,NA,NA,NA,NA,NA,NA,NA,NA,"Size","physical trait"
NA,NA,NA,"Slender-billed Shearwater","Both sexes physical trait",NA,"","","Both sexes physical trait",NA,"","",NA,NA,NA,NA,NA,NA,NA,NA,NA,NA,"Both sexes physical trait","physical trait"
NA,NA,NA,"Shoveller","No Unique Identifier",NA,"","","No Unique Identifier",NA,"","",NA,NA,NA,NA,NA,NA,NA,NA,NA,NA,"No Unique Identifier","human"
NA,NA,NA,"Skua","No Unique Identifier",NA,"","","No Unique Identifier",NA,"","",NA,NA,NA,NA,NA,NA,NA,NA,NA,NA,"No Unique Identifier","human"
NA,NA,NA,"Skylark","No Unique Identifier",NA,"","","No Unique Identifier",NA,"","",NA,NA,NA,NA,NA,NA,NA,NA,NA,NA,"No Unique Identifier","human"
NA,NA,NA,"European Snipe","Geographic Location",NA,"","","Geographic Location",NA,"","",NA,NA,NA,NA,NA,NA,NA,NA,NA,NA,"Geographic Location","natural history"
NA,NA,NA,"Snowflake","No Unique Identifier",NA,"","","No Unique Identifier",NA,"","",NA,NA,NA,NA,NA,NA,NA,NA,NA,NA,"No Unique Identifier","human"
NA,NA,NA,"McKay's Snowflake","Person",NA,"","","Person",NA,"","",NA,NA,NA,NA,NA,NA,NA,NA,NA,NA,"Person","human"
NA,NA,NA,"Aleutian Song Sparrow","Geographic Location",NA,"","","Geographic Location",NA,"","",NA,NA,NA,NA,NA,NA,NA,NA,NA,NA,"Geographic Location","natural history"
NA,NA,NA,"Arizona Sparrow","Geographic Location",NA,"","","Geographic Location",NA,"","",NA,NA,NA,NA,NA,NA,NA,NA,NA,NA,"Geographic Location","natural history"
NA,NA,NA,"Belding's Marsh Sparrow","Person",NA,"","","Person",NA,"","",NA,NA,NA,NA,NA,NA,NA,NA,NA,NA,"Person","human"
NA,NA,NA,"Dusky Seaside Sparrow","Both sexes physical trait",NA,"","","Both sexes physical trait",NA,"","",NA,NA,NA,NA,NA,NA,NA,NA,NA,NA,"Both sexes physical trait","physical trait"
NA,NA,NA,"Gambel's Sparrow","Person",NA,"","","Person",NA,"","",NA,NA,NA,NA,NA,NA,NA,NA,NA,NA,"Person","human"
NA,NA,NA,"Intermediate Sparrow","Size",NA,"","","Size",NA,"","",NA,NA,NA,NA,NA,NA,NA,NA,NA,NA,"Size","physical trait"
NA,NA,NA,"Ipswich Sparrow","Geographic Location",NA,"","","Geographic Location",NA,"https://parks.canada.ca/pn-np/ns/sable/nature/animaux-animals/oiseaux-birds/bruant-d-ipswich-sparrow ","",NA,NA,NA,NA,NA,NA,NA,NA,NA,NA,"Geographic Location","natural history"
NA,NA,NA,"Large-billed Sparrow","Both sexes physical trait",NA,"","","Both sexes physical trait",NA,"","",NA,NA,NA,NA,NA,NA,NA,NA,NA,NA,"Both sexes physical trait","physical trait"
NA,NA,NA,"Leconte's Sparrow","Person",NA,"","","Person",NA,"","",NA,NA,NA,NA,NA,NA,NA,NA,NA,NA,"Person","human"
NA,NA,NA,"Mexican Sparrow","Geographic Location",NA,"","","Geographic Location",NA,"","",NA,NA,NA,NA,NA,NA,NA,NA,NA,NA,"Geographic Location","natural history"
NA,NA,NA,"Pine-woods Sparrow","Natural History",NA,"","","Natural History",NA,"","",NA,NA,NA,NA,NA,NA,NA,NA,NA,NA,"Natural History","natural history"
NA,NA,NA,"Sandwich Sparrow","Geographic Location",NA,"https://en.wikipedia.org/wiki/Savannah_sparrow#:~:text=The%20species%20name%20sandwichensis%20is,observed%20the%20species%20in%201811.","In reference to the Sandwich sound in Alaska (?) -- added to gazeteer","Geographic Location",NA,"https://www.allaboutbirds.org/guide/Savannah_Sparrow/overview ","Sandwich is an island in Alaska.
""The Savannah Sparrow’s name sounds like a nod to its fondness for grassy areas, but this species was actually named by famed nineteenth century ornithologist Alexander Wilson for a specimen collected in Savannah, Georgia.""",NA,NA,NA,NA,NA,NA,NA,NA,NA,NA,"Geographic Location","natural history"
NA,NA,NA,"Sharp-tailed Sparrow","Both sexes physical trait",NA,"","","Both sexes physical trait",NA,"","",NA,NA,NA,NA,NA,NA,NA,NA,NA,NA,"Both sexes physical trait","physical trait"
NA,NA,NA,"Texas Sparrow","Geographic Location",NA,"","","Geographic Location",NA,"","",NA,NA,NA,NA,NA,NA,NA,NA,NA,NA,"Geographic Location","natural history"
NA,NA,NA,"Tree Sparrow","No Unique Identifier",NA,"","","Natural History",NA,"","",NA,NA,NA,NA,NA,NA,NA,NA,NA,NA,"No Unique Identifier","human"
NA,NA,NA,"Starling","No Unique Identifier",NA,"","","No Unique Identifier",NA,"","",NA,NA,NA,NA,NA,NA,NA,NA,NA,NA,"No Unique Identifier","human"
NA,NA,NA,"Rough-winged Swallow","Both sexes physical trait",NA,"","","Both sexes physical trait",NA,"","",NA,NA,NA,NA,NA,NA,NA,NA,NA,NA,"Both sexes physical trait","physical trait"
NA,NA,NA,"Whistling Swan","Behavior",NA,"","","Behavior",NA,"","",NA,NA,NA,NA,NA,NA,NA,NA,NA,NA,"Behavior","natural history"
NA,NA,NA,"Whooping Swan","Behavior",NA,"","","Behavior",NA,"","whooping call",NA,NA,NA,NA,NA,NA,NA,NA,NA,NA,"Behavior","natural history"
NA,NA,NA,"Louisiana Tanager","Geographic Location",NA,"","","Geographic Location",NA,"","",NA,NA,NA,NA,NA,NA,NA,NA,NA,NA,"Geographic Location","natural history"
NA,NA,NA,"Wandering Tatler","Behavior",NA,"","","Behavior",NA,"https://www.allaboutbirds.org/guide/Wandering_Tattler/overview","""'wandering' refers to this species’ widespread occurrence on islands across vast portions of the Pacific Ocean."" (migration)",NA,NA,NA,NA,NA,NA,NA,NA,NA,NA,"Behavior","natural history"
NA,NA,NA,"European Teal","Geographic Location",NA,"","","Geographic Location",NA,"","",NA,NA,NA,NA,NA,NA,NA,NA,NA,NA,"Geographic Location","natural history"
NA,NA,NA,"Cabot's Tern","Person",NA,"","","Person",NA,"","",NA,NA,NA,NA,NA,NA,NA,NA,NA,NA,"Person","human"
NA,NA,NA,"Trudeau's Tern","Person",NA,"","","Person",NA,"","",NA,NA,NA,NA,NA,NA,NA,NA,NA,NA,"Person","human"
NA,NA,NA,"White-winged Black Tern","Both sexes physical trait",NA,"","","Both sexes physical trait",NA,"","",NA,NA,NA,NA,NA,NA,NA,NA,NA,NA,"Both sexes physical trait","physical trait"
NA,NA,NA,"Californian Thrasher","Geographic Location",NA,"","","Geographic Location",NA,"","",NA,NA,NA,NA,NA,NA,NA,NA,NA,NA,"Geographic Location","natural history"
NA,NA,NA,"Leconte's Thrasher","Person",NA,"","","Person",NA,"","",NA,NA,NA,NA,NA,NA,NA,NA,NA,NA,"Person","human"
NA,NA,NA,"St. Lucas Thrasher","Geographic Location",NA,"","saint lucia","Geographic Location",NA,"","Cape St. Lucas",NA,NA,NA,NA,NA,NA,NA,NA,NA,NA,"Geographic Location","natural history"
NA,NA,NA,"Dwarf Hermit Thrush","Size",NA,"","","Size",NA,"","",NA,NA,NA,NA,NA,NA,NA,NA,NA,NA,"Size","physical trait"
NA,NA,NA,"Red-winged Thrush","Both sexes physical trait",NA,"","","Both sexes physical trait",NA,"","",NA,NA,NA,NA,NA,NA,NA,NA,NA,NA,"Both sexes physical trait","physical trait"
NA,NA,NA,"Russet-backed Thrush","Both sexes physical trait",NA,"","","Both sexes physical trait",NA,"","",NA,NA,NA,NA,NA,NA,NA,NA,NA,NA,"Both sexes physical trait","physical trait"
NA,NA,NA,"Wilson's Thrush","Person",NA,"","","Person",NA,"","",NA,NA,NA,NA,NA,NA,NA,NA,NA,NA,"Person","human"
NA,NA,NA,"Plain Titmouse","Both sexes physical trait",NA,"","","Both sexes physical trait",NA,"","plain appearance",NA,NA,NA,NA,NA,NA,NA,NA,NA,NA,"Both sexes physical trait","physical trait"
NA,NA,NA,"Towhee","No Unique Identifier",NA,"","","No Unique Identifier",NA,"","",NA,NA,NA,NA,NA,NA,NA,NA,NA,NA,"No Unique Identifier","human"
NA,NA,NA,"Arctic Towhee","Geographic Location",NA,"","","Natural History",NA,"","",NA,NA,NA,NA,NA,NA,NA,NA,NA,NA,"Geographic Location","natural history"
NA,NA,NA,"Cañon Towhee","Natural History",NA,"","old english spelling of canyon","Natural History",NA,"","Cañon is spanish for canyon",NA,NA,NA,NA,NA,NA,NA,NA,NA,NA,"Natural History","natural history"
NA,NA,NA,"Guadalupe Towhee","Geographic Location",NA,"","","Geographic Location",NA,"","guadalupe island",NA,NA,NA,NA,NA,NA,NA,NA,NA,NA,"Geographic Location","natural history"
NA,NA,NA,"Black-bellied Tree-duck","Both sexes physical trait",NA,"","","Both sexes physical trait",NA,"","",NA,NA,NA,NA,NA,NA,NA,NA,NA,NA,"Both sexes physical trait","physical trait"
NA,NA,NA,"Fulvous Tree-duck","Both sexes physical trait",NA,"","","Both sexes physical trait",NA,"","",NA,NA,NA,NA,NA,NA,NA,NA,NA,NA,"Both sexes physical trait","physical trait"
NA,NA,NA,"Coppery-tailed Trogon","Both sexes physical trait",NA,"","","Both sexes physical trait",NA,"","",NA,NA,NA,NA,NA,NA,NA,NA,NA,NA,"Both sexes physical trait","physical trait"
NA,NA,NA,"Troupial","No Unique Identifier",NA,"","","No Unique Identifier",NA,"","",NA,NA,NA,NA,NA,NA,NA,NA,NA,NA,"No Unique Identifier","human"
NA,NA,NA,"Turnstone","No Unique Identifier",NA,"","","No Unique Identifier",NA,"","",NA,NA,NA,NA,NA,NA,NA,NA,NA,NA,"No Unique Identifier","human"
NA,NA,NA,"Burrough's Turkey Vulture","Person",NA,"","","Person",NA,"","",NA,NA,NA,NA,NA,NA,NA,NA,NA,NA,"Person","human"
NA,NA,NA,"California Vulture","Geographic Location",NA,"","","Geographic Location",NA,"","",NA,NA,NA,NA,NA,NA,NA,NA,NA,NA,"Geographic Location","natural history"
NA,NA,NA,"Siberian Yellow Wagtail","Geographic Location",NA,"","","Geographic Location",NA,"","",NA,NA,NA,NA,NA,NA,NA,NA,NA,NA,"Geographic Location","natural history"
NA,NA,NA,"Swinhoe's Wagtail","Person",NA,"","","Person",NA,"","",NA,NA,NA,NA,NA,NA,NA,NA,NA,NA,"Person","human"
NA,NA,NA,"Audubon's Warbler","Person",NA,"","","Person",NA,"","",NA,NA,NA,NA,NA,NA,NA,NA,NA,NA,"Person","human"
NA,NA,NA,"Bell's Warbler","Person",NA,"","","Person",NA,"","",NA,NA,NA,NA,NA,NA,NA,NA,NA,NA,"Person","human"
NA,NA,NA,"Black and White Warbler","Both sexes physical trait",NA,"","","Both sexes physical trait",NA,"","",NA,NA,NA,NA,NA,NA,NA,NA,NA,NA,"Both sexes physical trait","physical trait"
NA,NA,NA,"Blackburnian Warbler","Person",NA,"","","Person",NA,"https://maineaudubon.org/news/backyard-bird-of-the-month-for-june-blackburnian-warbler/#:~:text=The%20English%20name%20was%20chosen,perhaps%20to%20Orange%2Dthroated%20Warbler.","named after Anna Blackburne",NA,NA,NA,NA,NA,NA,NA,NA,NA,NA,"Person","human"
NA,NA,NA,"Black-poll Warbler","Male physical trait",NA,"","","Male physical trait",NA,"","only male has black spot on head",NA,NA,NA,NA,NA,NA,NA,NA,NA,NA,"Male physical trait","physical trait"
NA,NA,NA,"Blue Mountain Warbler","Geographic Location",NA,"","","Geographic Location",NA,"","The Blue Mountains are the southernmost formation of the Appalachians, where this bird is found",NA,NA,NA,NA,NA,NA,NA,NA,NA,NA,"Geographic Location","natural history"
NA,NA,NA,"Brasher's Warbler","Person",NA,"","","Person",NA,"","",NA,NA,NA,NA,NA,NA,NA,NA,NA,NA,"Person","human"
NA,NA,NA,"Brewster's Warbler","Person",NA,"","","Person",NA,"","",NA,NA,NA,NA,NA,NA,NA,NA,NA,NA,"Person","human"
NA,NA,NA,"Canadian Warbler","Geographic Location",NA,"","","Geographic Location",NA,"","",NA,NA,NA,NA,NA,NA,NA,NA,NA,NA,"Geographic Location","natural history"
NA,NA,NA,"Carbonated Warbler","Both sexes physical trait",NA,"https://www.audubon.org/news/john-james-audubon-crazy-wrong-or-neither#:~:text=Named%20for%20its%20dark%20cap,of%20their%20dress%20seemingly%20complete.%E2%80%9D","","Both sexes physical trait",NA,"https://www.audubon.org/news/john-james-audubon-crazy-wrong-or-neither","Named for its dark cap and streaking",NA,NA,NA,NA,NA,NA,NA,NA,NA,NA,"Both sexes physical trait","physical trait"
NA,NA,NA,"Cincinnati Warbler","Geographic Location",NA,"","","Geographic Location",NA,"","",NA,NA,NA,NA,NA,NA,NA,NA,NA,NA,"Geographic Location","natural history"
NA,NA,NA,"Kennicott's Willow Warbler","Person",NA,"","","Person",NA,"","",NA,NA,NA,NA,NA,NA,NA,NA,NA,NA,"Person","human"
NA,NA,NA,"Lawrence's Warbler","Person",NA,"","","Person",NA,"","",NA,NA,NA,NA,NA,NA,NA,NA,NA,NA,"Person","human"
NA,NA,NA,"Macgillivray's Warbler","Person",NA,"","","Person",NA,"","",NA,NA,NA,NA,NA,NA,NA,NA,NA,NA,"Person","human"
NA,NA,NA,"Mangrove Warbler","Natural History",NA,"","","Natural History",NA,"","",NA,NA,NA,NA,NA,NA,NA,NA,NA,NA,"Natural History","natural history"
NA,NA,NA,"Myrtle Warbler","Natural History",NA,"","","Natural History",NA,"http://www.mpnature.com/birds/species/YRWA.html#:~:text=Notes&text=The%20Yellow%2Drumped%20Warbler%20in,they%20sometimes%20visit%20bird%20feeders.","specialized winter diet of wax-myrtle",NA,NA,NA,NA,NA,NA,NA,NA,NA,NA,"Natural History","natural history"
NA,NA,NA,"Parula Warbler","Size",NA,"","translates to ""little titmouse"" from the latin word ""parulla""","Miscellaneous",NA,"https://maineaudubon.org/news/backyard-bird-of-the-month-for-may-northern-parula/","Parula derives from the Latin parus",NA,NA,NA,NA,NA,NA,NA,NA,NA,NA,"Behavior","natural history"
NA,NA,NA,"Sennett's Warbler","Person",NA,"","","Person",NA,"","",NA,NA,NA,NA,NA,NA,NA,NA,NA,NA,"Person","human"
NA,NA,NA,"Small-headed Warbler","Both sexes physical trait",NA,"","","Both sexes physical trait",NA,"","",NA,NA,NA,NA,NA,NA,NA,NA,NA,NA,"Both sexes physical trait","physical trait"
NA,NA,NA,"Waterthrush","No Unique Identifier",NA,"","","No Unique Identifier",NA,"","",NA,NA,NA,NA,NA,NA,NA,NA,NA,NA,"No Unique Identifier","human"
NA,NA,NA,"Wheatear","No Unique Identifier",NA,"","","No Unique Identifier",NA,"","",NA,NA,NA,NA,NA,NA,NA,NA,NA,NA,"No Unique Identifier","human"
NA,NA,NA,"Whip-poor-will","No Unique Identifier",NA,"","","No Unique Identifier",NA,"","male's unique call",NA,NA,NA,NA,NA,NA,NA,NA,NA,NA,"No Unique Identifier","human"
NA,NA,NA,"Widgeon","No Unique Identifier",NA,"","","No Unique Identifier",NA,"","",NA,NA,NA,NA,NA,NA,NA,NA,NA,NA,"No Unique Identifier","human"
NA,NA,NA,"European Woodcock","Geographic Location",NA,"","","Geographic Location",NA,"","",NA,NA,NA,NA,NA,NA,NA,NA,NA,NA,"Geographic Location","natural history"
NA,NA,NA,"Arctic Three-toed Woodpecker","Geographic Location",NA,"","","Natural History",NA,"","",NA,NA,NA,NA,NA,NA,NA,NA,NA,NA,"Geographic Location","natural history"
NA,NA,NA,"Californian Woodpecker","Geographic Location",NA,"","","Geographic Location",NA,"","",NA,NA,NA,NA,NA,NA,NA,NA,NA,NA,"Geographic Location","natural history"
NA,NA,NA,"Texan Woodpecker","Geographic Location",NA,"","","Geographic Location",NA,"","",NA,NA,NA,NA,NA,NA,NA,NA,NA,NA,"Geographic Location","natural history"
NA,NA,NA,"Alaska Wren","Geographic Location",NA,"","","Geographic Location",NA,"","",NA,NA,NA,NA,NA,NA,NA,NA,NA,NA,"Geographic Location","natural history"
NA,NA,NA,"Guadalupe Wren","Geographic Location",NA,"","","Geographic Location",NA,"","",NA,NA,NA,NA,NA,NA,NA,NA,NA,NA,"Geographic Location","natural history"
NA,NA,NA,"Guadalupe Rock Wren","Geographic Location",NA,"","","Geographic Location",NA,"","",NA,NA,NA,NA,NA,NA,NA,NA,NA,NA,"Geographic Location","natural history"
NA,NA,NA,"Long-billed Marsh Wren","Both sexes physical trait",NA,"","","Both sexes physical trait",NA,"","",NA,NA,NA,NA,NA,NA,NA,NA,NA,NA,"Both sexes physical trait","physical trait"
NA,NA,NA,"St. Lucas Cactus Wren","Geographic Location",NA,"","","Geographic Location",NA,"","Cabo San Lucas region",NA,NA,NA,NA,NA,NA,NA,NA,NA,NA,"Geographic Location","natural history"
NA,NA,NA,"Short-billed Marsh Wren","Both sexes physical trait",NA,"","","Both sexes physical trait",NA,"","",NA,NA,NA,NA,NA,NA,NA,NA,NA,NA,"Both sexes physical trait","physical trait"
NA,NA,NA,"White-throated Wren","Both sexes physical trait",NA,"","","Both sexes physical trait",NA,"","",NA,NA,NA,NA,NA,NA,NA,NA,NA,NA,"Both sexes physical trait","physical trait"
NA,NA,NA,"Yellowlegs","No Unique Identifier",NA,"","","No Unique Identifier",NA,"","",NA,NA,NA,NA,NA,NA,NA,NA,NA,NA,"No Unique Identifier","human"
NA,NA,NA,"Maryland Yellowthroat","Geographic Location",NA,"","","Geographic Location",NA,"","",NA,NA,NA,NA,NA,NA,NA,NA,NA,NA,"Geographic Location","natural history"
NA,NA,NA,"Belding's Rail","Person",NA,NA,NA,NA,NA,NA,NA,NA,NA,NA,NA,NA,NA,NA,NA,NA,NA,"Person","human"
NA,NA,NA,"California Clapper Rail","Geographic Location",NA,NA,NA,NA,NA,NA,NA,NA,NA,NA,NA,NA,NA,NA,NA,NA,NA,"Geographic Location","natural history"
NA,NA,NA,"Williamson's Woodpecker","Person",NA,NA,NA,NA,NA,NA,NA,NA,NA,NA,NA,NA,NA,NA,NA,NA,NA,"Person","human"
